Variable,(1) Pooled OLS,(2) Country FE,(3) Two-Way FE (Preferred),(4) Agri Share TWFE,(5) Crop Growth TWFE
Temperature Anomaly (°C),-0.5009**,-0.4904**,-0.0325,0.7827,-1.2146
  (Cluster SE),(0.1780),(0.1875),(0.4301),(1.0898),(0.9063)
  [95% CI with t(7)],"[-0.9219, -0.0800]","[-0.9338, -0.0470]","[-1.0496, 0.9847]","[-1.7943, 3.3597]","[-3.3576, 0.9283]"
  p-value (t(7)),0.0260,0.0346,0.9419,0.4959,0.2220
Precipitation Anomaly (100mm),0.0596,0.0347,0.0635,-0.0766,0.5664*
  (Cluster SE),(0.0703),(0.0634),(0.0550),(0.1121),(0.2733)
  p-value (t(7)),0.4244,0.6012,0.2857,0.5164,0.0770
Country Fixed Effects,No,Yes,Yes,Yes,Yes
Year Fixed Effects,No,No,Yes,Yes,Yes
Clustered SEs (Country),Yes (G=8),Yes (G=8),Yes (G=8),Yes (G=8),Yes (G=8)
Observations (N),504,504,504,373,496
R-squared (overall),0.0210,0.0444,0.3300,0.9170,0.1656
Within R-squared,-,0.0176,0.0030,-,-
