country_code,country_name,region,climate_zone,year,temp_annual_mean,precip_annual_total,temp_annual_anomaly,precip_annual_anomaly,temp_yoy_diff,precip_yoy_diff
AUS,Australia,Oceania,Arid / Mediterranean,1960,17.359865282412557,314.0,0.29100123667684813,-182.51666666666668,,
AUS,Australia,Oceania,Arid / Mediterranean,1961,17.71535202252944,565.8,0.6464879767937336,69.28333333333333,0.3554867401168842,251.79999999999995
AUS,Australia,Oceania,Arid / Mediterranean,1962,17.362379672299028,375.5,0.2935156265633189,-121.01666666666668,-0.35297235023041296,-190.29999999999995
AUS,Australia,Oceania,Arid / Mediterranean,1963,17.317412954429084,533.4,0.2485489086933749,36.88333333333334,-0.04496671786994355,157.89999999999998
AUS,Australia,Oceania,Arid / Mediterranean,1964,17.03676121616611,501.3,-0.032102829569598125,4.78333333333336,-0.28065173826297496,-32.099999999999966
AUS,Australia,Oceania,Arid / Mediterranean,1965,17.74617895545315,372.6,0.6773149097174409,-123.91666666666666,0.7094177392870407,-128.7
AUS,Australia,Oceania,Arid / Mediterranean,1966,16.79810355862775,408.8,-0.2707604871079561,-87.71666666666667,-0.9480753968253985,36.19999999999999
AUS,Australia,Oceania,Arid / Mediterranean,1967,17.826507936507937,204.5,0.7576438907722283,-292.01666666666665,1.028404377880186,-204.3
AUS,Australia,Oceania,Arid / Mediterranean,1968,17.2819663824002,505.5,0.2131023366644896,8.98333333333332,-0.5445415541077381,301.0
AUS,Australia,Oceania,Arid / Mediterranean,1969,16.62880120327701,538.6,-0.4400628424586978,42.083333333333314,-0.6531651791231887,33.10000000000002
AUS,Australia,Oceania,Arid / Mediterranean,1970,16.56990463389657,415.7,-0.4989594118391392,-80.81666666666669,-0.05889656938044041,-122.90000000000003
AUS,Australia,Oceania,Arid / Mediterranean,1971,16.388388376856117,606.5,-0.6804756688795893,109.9833333333333,-0.18151625704045316,190.8
AUS,Australia,Oceania,Arid / Mediterranean,1972,16.995110925719935,375.6,-0.07375312001577268,-120.91666666666667,0.6067225488638179,-230.89999999999998
AUS,Australia,Oceania,Arid / Mediterranean,1973,16.965849334357397,767.9,-0.10301471137830953,271.3833333333333,-0.029261591362537587,392.29999999999995
AUS,Australia,Oceania,Arid / Mediterranean,1974,16.194675499231952,656.6999999999999,-0.8741885465037579,160.18333333333334,-0.7711738351254454,-111.20000000000005
AUS,Australia,Oceania,Arid / Mediterranean,1975,17.1603321812596,451.9,0.09146813552389228,-44.61666666666667,0.9656566820276495,-204.79999999999995
AUS,Australia,Oceania,Arid / Mediterranean,1976,16.150919849215178,558.4,-0.9179441965205312,61.88333333333331,-1.0094123320444233,106.5
AUS,Australia,Oceania,Arid / Mediterranean,1977,17.25259088581669,404.5,0.18372684008098358,-92.01666666666665,1.1016710366015126,-153.89999999999998
AUS,Australia,Oceania,Arid / Mediterranean,1978,16.634933435739885,683.1999999999999,-0.4339306099958213,186.68333333333334,-0.6176574500768055,278.69999999999993
AUS,Australia,Oceania,Arid / Mediterranean,1979,17.6660599078341,325.7,0.5971958620983934,-170.81666666666666,1.0311264720942148,-357.49999999999994
AUS,Australia,Oceania,Arid / Mediterranean,1980,17.759932023235695,387.4,0.6910679774999862,-109.11666666666665,0.09387211540159512,61.69999999999999
AUS,Australia,Oceania,Arid / Mediterranean,1981,17.73407258064516,448.4,0.665208534909453,-48.11666666666668,-0.025859442590533632,61.0
AUS,Australia,Oceania,Arid / Mediterranean,1982,17.8713082437276,230.5,0.8024441979918905,-266.01666666666665,0.13723566308243917,-217.89999999999998
AUS,Australia,Oceania,Arid / Mediterranean,1983,17.0585547875064,679.5,-0.010309258229307986,182.98333333333332,-0.812753456221202,449.0
AUS,Australia,Oceania,Arid / Mediterranean,1984,16.215488196761836,608.6999999999999,-0.853375848973875,112.18333333333331,-0.8430665907445629,-70.80000000000007
AUS,Australia,Oceania,Arid / Mediterranean,1985,16.63517793138761,555.8,-0.4336861143480994,59.28333333333334,0.4196897346257735,-52.89999999999998
AUS,Australia,Oceania,Arid / Mediterranean,1986,16.63449436763953,468.0,-0.4343696780961797,-28.516666666666673,-0.0006835637480797629,-87.79999999999995
AUS,Australia,Oceania,Arid / Mediterranean,1987,16.89179467485919,534.2,-0.17706937087651756,37.68333333333334,0.257300307219662,66.20000000000005
AUS,Australia,Oceania,Arid / Mediterranean,1988,17.605304350512913,596.8,0.5364403047772067,100.28333333333333,0.7135096756537216,62.59999999999991
AUS,Australia,Oceania,Arid / Mediterranean,1989,16.818568868407578,509.9,-0.2502951773281312,13.383333333333354,-0.7867354821053354,-86.89999999999998
AUS,Australia,Oceania,Arid / Mediterranean,1990,17.148996415770608,624.2,0.08013237003490097,127.68333333333334,0.3304275473630298,114.30000000000007
AUS,Australia,Oceania,Arid / Mediterranean,1991,17.49907770097286,355.6,0.43021365523715377,-140.91666666666666,0.3500812852022541,-268.6
AUS,Australia,Oceania,Arid / Mediterranean,1992,15.669925225559263,702.2,-1.3989388201764446,205.68333333333334,-1.8291524754135988,346.6
AUS,Australia,Oceania,Arid / Mediterranean,1993,16.751535458269327,471.2,-0.31732858746637954,-25.31666666666665,1.081610232710064,-231.00000000000006
AUS,Australia,Oceania,Arid / Mediterranean,1994,17.032935867895546,274.5,-0.03592817784016278,-222.01666666666665,0.2814004096262188,-196.7
AUS,Australia,Oceania,Arid / Mediterranean,1995,16.37494239631336,533.5,-0.6939216494223445,36.98333333333335,-0.6579934715821842,259.0
AUS,Australia,Oceania,Arid / Mediterranean,1996,16.266281053021874,521.6,-0.8025829927138326,25.083333333333325,-0.10866134329148736,-11.899999999999977
AUS,Australia,Oceania,Arid / Mediterranean,1997,17.60393625192012,376.2,0.5350722061844141,-120.31666666666665,1.337655198898247,-145.40000000000003
AUS,Australia,Oceania,Arid / Mediterranean,1998,17.18767345110087,571.9,0.1188094053651622,75.38333333333335,-0.4162628008192506,195.7
AUS,Australia,Oceania,Arid / Mediterranean,1999,16.81628136200717,507.0,-0.2525826837285397,10.483333333333341,-0.3713920890936997,-64.89999999999998
AUS,Australia,Oceania,Arid / Mediterranean,2000,16.69845136571499,487.6,-0.37041268002071676,-8.916666666666686,-0.11782999629217983,-19.399999999999977
AUS,Australia,Oceania,Arid / Mediterranean,2001,17.16284882232463,370.8,0.09398477658892057,-125.71666666666664,0.46439745660963894,-116.80000000000001
AUS,Australia,Oceania,Arid / Mediterranean,2002,17.897674731182796,259.3,0.8288106854470872,-237.21666666666667,0.7348259088581663,-111.5
AUS,Australia,Oceania,Arid / Mediterranean,2003,17.687430235535075,392.8,0.6185661897993655,-103.71666666666667,-0.2102444956477214,133.5
AUS,Australia,Oceania,Arid / Mediterranean,2004,17.63313527376097,345.8,0.5642712280252608,-150.71666666666667,-0.05429496177410442,-47.0
AUS,Australia,Oceania,Arid / Mediterranean,2005,17.919708141321042,415.2,0.8508440955853359,-81.31666666666666,0.2865728675600714,69.39999999999998
AUS,Australia,Oceania,Arid / Mediterranean,2006,18.26309139784946,175.5,1.194227352113754,-321.01666666666665,0.34338325652841917,-239.7
AUS,Australia,Oceania,Arid / Mediterranean,2007,18.313161162314387,443.3,1.2442971165786794,-53.21666666666667,0.050069764464925726,267.8
AUS,Australia,Oceania,Arid / Mediterranean,2008,17.322363428500804,336.3,0.25349938276509504,-160.21666666666667,-0.9907977338135829,-107.0
AUS,Australia,Oceania,Arid / Mediterranean,2009,18.547487199180747,321.40000000000003,1.4786231534450394,-175.11666666666667,1.225123770679943,-14.899999999999977
AUS,Australia,Oceania,Arid / Mediterranean,2010,16.939983998975936,758.5,-0.12888004675977335,261.98333333333335,-1.6075032002048104,437.09999999999997
AUS,Australia,Oceania,Arid / Mediterranean,2011,17.055917178699435,469.0,-0.012946867036271717,-27.516666666666666,0.11593317972349837,-289.5
AUS,Australia,Oceania,Arid / Mediterranean,2012,16.916308861698184,494.4,-0.1525551840375258,-2.1166666666666885,-0.13960831700125098,25.399999999999977
AUS,Australia,Oceania,Arid / Mediterranean,2013,18.31219214029698,318.8,1.2433280945612706,-177.71666666666667,1.3958832785987951,-175.59999999999997
AUS,Australia,Oceania,Arid / Mediterranean,2014,18.37016321044547,468.6,1.3012991647097603,-27.91666666666666,0.0579710701484899,149.8
AUS,Australia,Oceania,Arid / Mediterranean,2015,17.777743855606758,489.6,0.7088798098710506,-6.916666666666671,-0.5924193548387109,21.0
AUS,Australia,Oceania,Arid / Mediterranean,2016,17.94485261401557,636.2,0.8759885682798637,139.6833333333333,0.167108758408812,146.60000000000002
AUS,Australia,Oceania,Arid / Mediterranean,2017,17.716536738351255,315.9,0.6476726926155458,-180.61666666666667,-0.22831587566431466,-320.30000000000007
AUS,Australia,Oceania,Arid / Mediterranean,2018,18.25832757296467,226.4,1.189463527228962,-270.1166666666667,0.5417908346134155,-89.49999999999997
AUS,Australia,Oceania,Arid / Mediterranean,2019,18.648631592421914,159.4,1.5797675466862067,-337.1166666666667,0.39030401945724336,-67.0
AUS,Australia,Oceania,Arid / Mediterranean,2020,17.03309943146706,522.7,-0.035764614268646376,26.18333333333331,-1.615532160954853,363.30000000000007
AUS,Australia,Oceania,Arid / Mediterranean,2021,16.059212749615977,713.1999999999999,-1.0096512961197328,216.68333333333334,-0.9738866818510843,190.4999999999999
AUS,Australia,Oceania,Arid / Mediterranean,2022,16.195423707117254,806.7,-0.8734403386184528,310.18333333333334,0.13621095750127665,93.50000000000011
AUS,Australia,Oceania,Arid / Mediterranean,2023,17.509199948796724,376.90000000000003,0.440335903061015,-119.61666666666666,1.31377624167947,-429.8
BRA,Brazil,South America,Tropical / Savannah,1960,21.29393987146212,1807.2,0.3901225818222474,281.72,,
BRA,Brazil,South America,Tropical / Savannah,1961,22.600972862263188,1193.6,1.6971555726233138,-331.87999999999994,1.3070329908010692,-613.6000000000001
BRA,Brazil,South America,Tropical / Savannah,1962,20.83078853046595,1938.9,-0.07302875917392064,413.4200000000001,-1.770184331797239,745.3000000000002
BRA,Brazil,South America,Tropical / Savannah,1963,21.67642601126472,1194.0,0.77260872162485,-331.47999999999996,0.8456374807987714,-744.9000000000001
BRA,Brazil,South America,Tropical / Savannah,1964,20.196862872327277,2356.2,-0.7069544173125942,830.72,-1.4795631389374435,1162.1999999999998
BRA,Brazil,South America,Tropical / Savannah,1965,20.64214605734767,1950.9,-0.26167123229220063,425.42,0.44528318502039355,-405.2999999999997
BRA,Brazil,South America,Tropical / Savannah,1966,20.251664106502815,1798.6,-0.652153183137056,273.12,-0.3904819508448547,-152.30000000000018
BRA,Brazil,South America,Tropical / Savannah,1967,20.705721326164873,1292.1,-0.19809596347499644,-233.38000000000002,0.45405721966205803,-506.5
BRA,Brazil,South America,Tropical / Savannah,1968,20.002662835249044,1499.6,-0.9011544543908284,-25.880000000000003,-0.7030584909158293,207.5
BRA,Brazil,South America,Tropical / Savannah,1969,21.485488991295444,1204.8000000000002,0.5816717016555719,-320.67999999999995,1.4828261560464,-294.7999999999997
BRA,Brazil,South America,Tropical / Savannah,1970,21.08899705581157,1176.7,0.18517976617170095,-348.78,-0.39649193548387274,-28.100000000000136
BRA,Brazil,South America,Tropical / Savannah,1971,20.679390040962623,1601.1999999999998,-0.22442724867724864,75.72,-0.4096070148489481,424.4999999999998
BRA,Brazil,South America,Tropical / Savannah,1972,21.214618712149303,1563.8,0.31080142250943127,38.320000000000036,0.5352286711866796,-37.399999999999864
BRA,Brazil,South America,Tropical / Savannah,1973,21.47867191500256,1624.7,0.5748546253626895,99.22000000000003,0.2640532028532583,60.90000000000009
BRA,Brazil,South America,Tropical / Savannah,1974,20.54725294418843,1445.6,-0.3565643454514425,-79.87999999999994,-0.931418970814132,-179.10000000000014
BRA,Brazil,South America,Tropical / Savannah,1975,20.647205581157195,1242.6,-0.25661170848267706,-282.88,0.09995263696876577,-203.0
BRA,Brazil,South America,Tropical / Savannah,1976,20.719722531207516,1470.6,-0.1840947584323557,-54.87999999999998,0.07251695005032133,228.0
BRA,Brazil,South America,Tropical / Savannah,1977,20.979163466461852,1454.3000000000002,0.07534617682198252,-71.17999999999995,0.25944093525433587,-16.299999999999727
BRA,Brazil,South America,Tropical / Savannah,1978,20.626234639016896,1573.5,-0.2775826506229742,48.02,-0.3529288274449556,119.19999999999982
BRA,Brazil,South America,Tropical / Savannah,1979,20.617786738351253,1955.4,-0.28603055128861676,429.9200000000001,-0.008447900665643715,381.9000000000001
BRA,Brazil,South America,Tropical / Savannah,1980,20.75677172166605,1792.6,-0.14704556797382237,267.12,0.13898498331479558,-162.80000000000018
BRA,Brazil,South America,Tropical / Savannah,1981,20.49142857142857,1557.4,-0.4123887182112993,31.92000000000006,-0.26534315023747723,-235.19999999999982
BRA,Brazil,South America,Tropical / Savannah,1982,20.8492722734255,1535.6,-0.05454501621437213,10.120000000000047,0.35784370199692717,-21.800000000000182
BRA,Brazil,South America,Tropical / Savannah,1983,20.90141065028162,1794.1,-0.0024066393582531376,268.62000000000006,0.05213837685612077,258.5
BRA,Brazil,South America,Tropical / Savannah,1984,21.12432826597454,1294.8,0.2205109763346685,-230.67999999999992,0.22291761569292134,-499.29999999999995
BRA,Brazil,South America,Tropical / Savannah,1985,20.502062211981567,1497.7,-0.4017550776583049,-27.77999999999998,-0.6222660539929734,202.9000000000001
BRA,Brazil,South America,Tropical / Savannah,1986,20.992142857142856,1127.8,0.08832556750298615,-397.68,0.4900806451612887,-369.9000000000001
BRA,Brazil,South America,Tropical / Savannah,1987,21.480931899641575,1359.1,0.5771146100017063,-166.38,0.4887890424987198,231.29999999999995
BRA,Brazil,South America,Tropical / Savannah,1988,21.069567111605487,1329.7,0.16574982196561638,-195.77999999999997,-0.41136478803608867,-29.399999999999864
BRA,Brazil,South America,Tropical / Savannah,1989,20.677466717869944,1738.6,-0.22635057176992687,213.12000000000006,-0.39210039373554295,408.89999999999986
BRA,Brazil,South America,Tropical / Savannah,1990,21.277359190988225,1199.9,0.37354190134835186,-325.58,0.5998924731182811,-538.6999999999998
BRA,Brazil,South America,Tropical / Savannah,1991,20.747532642089094,1666.3,-0.15628464755077806,140.82000000000005,-0.5298265488991305,466.39999999999986
BRA,Brazil,South America,Tropical / Savannah,1992,20.47831263131875,2037.5,-0.425504658321121,512.02,-0.2692200107703435,371.20000000000005
BRA,Brazil,South America,Tropical / Savannah,1993,21.297538402457757,1388.3,0.3937211128178868,-137.18000000000004,0.8192257711390063,-649.2
BRA,Brazil,South America,Tropical / Savannah,1994,21.346178315412185,1471.5,0.44236102577231523,-53.97999999999996,0.048639912954428155,83.20000000000005
BRA,Brazil,South America,Tropical / Savannah,1995,21.15438748079877,1387.4,0.2505701911589006,-138.08,-0.19179083461341406,-84.09999999999991
BRA,Brazil,South America,Tropical / Savannah,1996,21.149751266839697,1433.6999999999998,0.24593397719982826,-91.78000000000003,-0.004636213959074098,46.29999999999973
BRA,Brazil,South America,Tropical / Savannah,1997,20.91086853558628,1735.6999999999998,0.007051245946406937,210.21999999999997,-0.23888273125341897,302.0
BRA,Brazil,South America,Tropical / Savannah,1998,22.13651625704045,1488.2,1.2326989674005786,-37.27999999999993,1.2256477214541732,-247.49999999999977
BRA,Brazil,South America,Tropical / Savannah,1999,21.216082309267794,1385.5,0.31226501962792214,-139.97999999999993,-0.9204339477726577,-102.70000000000005
BRA,Brazil,South America,Tropical / Savannah,2000,21.249306328018786,1399.5,0.3454890383789155,-125.98,0.03322401875099246,14.0
BRA,Brazil,South America,Tropical / Savannah,2001,21.266917562724014,1262.1,0.36310027308414367,-263.38,0.017611234705228185,-137.4000000000001
BRA,Brazil,South America,Tropical / Savannah,2002,21.90387288786482,1285.5,1.0000555982249522,-239.98,0.6369553251408071,23.40000000000009
BRA,Brazil,South America,Tropical / Savannah,2003,21.39628648233487,1078.2,0.49246919269499817,-447.28,-0.5075864055299526,-207.29999999999995
BRA,Brazil,South America,Tropical / Savannah,2004,21.23718854282536,1520.1,0.33337125318549027,-5.379999999999967,-0.15909793950950757,441.89999999999986
BRA,Brazil,South America,Tropical / Savannah,2005,21.503010112647207,1491.4,0.5991928230073391,-34.079999999999984,0.26582156982184557,-28.699999999999818
BRA,Brazil,South America,Tropical / Savannah,2006,20.95469470046083,1695.4,0.050877410820958424,169.92000000000004,-0.5483154121863762,204.0
BRA,Brazil,South America,Tropical / Savannah,2007,21.82399641577061,985.7,0.9201791261307379,-539.78,0.8693017153097777,-709.7
BRA,Brazil,South America,Tropical / Savannah,2008,21.353737795080956,1379.3,0.44992050544108303,-146.18,-0.47025862068965196,393.5999999999999
BRA,Brazil,South America,Tropical / Savannah,2009,21.285457629288274,1629.9,0.3816403396484036,104.42,-0.06828016579268237,250.60000000000014
BRA,Brazil,South America,Tropical / Savannah,2010,21.74224078341014,1290.5,0.8384234937702679,-234.97999999999996,0.4567831541218652,-339.4000000000001
BRA,Brazil,South America,Tropical / Savannah,2011,21.097860343061956,1457.7,0.19404305342208486,-67.77999999999997,-0.6443804403481828,167.20000000000005
BRA,Brazil,South America,Tropical / Savannah,2012,21.493058027437897,1223.4,0.5892407377980243,-302.08000000000004,0.3951976843759404,-234.29999999999995
BRA,Brazil,South America,Tropical / Savannah,2013,21.418613671274965,1521.8999999999999,0.5147963816350911,-3.5800000000000622,-0.07444435616293177,298.4999999999998
BRA,Brazil,South America,Tropical / Savannah,2014,21.590762928827445,1390.5,0.6869456391875737,-134.98000000000002,0.1721492575524799,-131.39999999999986
BRA,Brazil,South America,Tropical / Savannah,2015,22.233766001024065,1212.1,1.3299487113841943,-313.37999999999994,0.6430030721966205,-178.4000000000001
BRA,Brazil,South America,Tropical / Savannah,2016,22.450604375231737,1250.2,1.5467870855918682,-275.28000000000003,0.21683837420767205,38.100000000000136
BRA,Brazil,South America,Tropical / Savannah,2017,21.494708141321045,1016.7,0.5908908516811744,-508.78,-0.9558962339106927,-233.5
BRA,Brazil,South America,Tropical / Savannah,2018,21.332503840245774,1223.8,0.42868655060590477,-301.67999999999995,-0.1622043010752705,207.0999999999999
BRA,Brazil,South America,Tropical / Savannah,2019,22.090812852022527,868.6,1.1869955623826582,-656.88,0.7583090117767526,-355.19999999999993
BRA,Brazil,South America,Tropical / Savannah,2020,21.239955197132616,1302.1,0.33613790749274575,-223.37999999999997,-0.8508576548899107,433.4999999999999
BRA,Brazil,South America,Tropical / Savannah,2021,21.293020993343575,1179.8,0.3892037037037032,-345.67999999999995,0.05306579621095864,-122.29999999999995
BRA,Brazil,South America,Tropical / Savannah,2022,21.116714669738865,1096.1,0.21289738009899187,-429.38,-0.17630632360470955,-83.70000000000005
BRA,Brazil,South America,Tropical / Savannah,2023,21.884813108038916,968.8,0.980995818399044,-556.68,0.7680984383000506,-127.29999999999995
DEU,Germany,Central Europe,Temperate Continental,1960,8.411674700284268,777.1,0.2039770512209337,108.09,,
DEU,Germany,Central Europe,Temperate Continental,1961,8.900561955965182,764.5,0.6928643069018486,95.48999999999998,0.48888725568091473,-12.600000000000023
DEU,Germany,Central Europe,Temperate Continental,1962,7.06909690220174,572.2,-1.1386007468615924,-96.81000000000002,-1.8314650537634423,-192.29999999999995
DEU,Germany,Central Europe,Temperate Continental,1963,6.893550947260624,567.6,-1.3141467018027086,-101.41,-0.17554595494111602,-4.600000000000023
DEU,Germany,Central Europe,Temperate Continental,1964,8.127922073909282,536.6,-0.07977557515405125,-132.41,1.2343711266486581,-31.0
DEU,Germany,Central Europe,Temperate Continental,1965,7.401369687660011,878.7,-0.8063279614033231,209.69,-0.7265523862492715,342.1
DEU,Germany,Central Europe,Temperate Continental,1966,8.549773425499232,893.9,0.34207577643589904,224.89,1.1484037378392218,15.199999999999932
DEU,Germany,Central Europe,Temperate Continental,1967,9.078318612391193,749.7,0.87062096332786,80.69,0.5285451868919608,-144.19999999999993
DEU,Germany,Central Europe,Temperate Continental,1968,8.017166295884316,689.7,-0.190531353179017,20.689999999999984,-1.0611523165068775,-60.0
DEU,Germany,Central Europe,Temperate Continental,1969,7.53806899641577,716.6999999999999,-0.6696286526475627,47.68999999999997,-0.4790972994685454,26.999999999999886
DEU,Germany,Central Europe,Temperate Continental,1970,7.536422171018946,818.8,-0.6712754780443877,149.79,-0.0016468253968247026,102.10000000000002
DEU,Germany,Central Europe,Temperate Continental,1971,8.588188044034817,545.8,0.38049039497148524,-123.21000000000002,1.0517658730158717,-273.0
DEU,Germany,Central Europe,Temperate Continental,1972,7.83634470399209,716.0,-0.3713529450712431,46.99,-0.7518433400427273,170.20000000000005
DEU,Germany,Central Europe,Temperate Continental,1973,8.154390681003584,619.8,-0.05330696805974892,-49.21000000000001,0.3180459770114936,-96.20000000000005
DEU,Germany,Central Europe,Temperate Continental,1974,8.755807731694828,777.1,0.5481100826314954,108.08999999999997,0.6014170506912446,157.30000000000007
DEU,Germany,Central Europe,Temperate Continental,1975,8.874985919098823,619.9,0.6672882700354892,-49.11000000000003,0.11917818740399433,-157.20000000000005
DEU,Germany,Central Europe,Temperate Continental,1976,8.585448337659127,498.4,0.3777506885957942,-170.61,-0.28953758143969566,-121.5
DEU,Germany,Central Europe,Temperate Continental,1977,8.668573348694316,759.7,0.46087569963098307,90.69,0.08312501103518954,261.30000000000007
DEU,Germany,Central Europe,Temperate Continental,1978,7.759738223246288,580.0,-0.44795942581704534,-89.01,-0.9088351254480287,-179.70000000000005
DEU,Germany,Central Europe,Temperate Continental,1979,7.537215181771633,629.8,-0.6704824672916997,-39.210000000000015,-0.22252304147465463,49.799999999999955
DEU,Germany,Central Europe,Temperate Continental,1980,7.515618588555185,637.0,-0.6920790605081485,-32.01000000000001,-0.021596593216448134,7.2000000000000455
DEU,Germany,Central Europe,Temperate Continental,1981,7.971362007168459,856.7,-0.23633564189487435,187.69,0.45574341861327383,219.70000000000005
DEU,Germany,Central Europe,Temperate Continental,1982,9.150548515104967,496.5,0.9428508660416335,-172.51,1.1791865079365085,-360.20000000000005
DEU,Germany,Central Europe,Temperate Continental,1983,8.99819828469022,598.5,0.7905006356268873,-70.51000000000002,-0.15235023041474705,102.0
DEU,Germany,Central Europe,Temperate Continental,1984,7.9566197009022375,728.6,-0.25107794816109563,59.58999999999998,-1.0415785837879827,130.10000000000002
DEU,Germany,Central Europe,Temperate Continental,1985,7.295379544290835,564.3,-0.9123181047724982,-104.71000000000001,-0.6612401566114023,-164.30000000000007
DEU,Germany,Central Europe,Temperate Continental,1986,7.811832437275986,745.2,-0.39586521178734707,76.18999999999998,0.5164528929851508,180.9000000000001
DEU,Germany,Central Europe,Temperate Continental,1987,7.170748847926267,753.2,-1.0369488011370656,84.19,-0.6410835893497193,8.0
DEU,Germany,Central Europe,Temperate Continental,1988,9.215939315288592,631.4,1.0082416662252596,-37.61,2.0451904673623256,-121.80000000000007
DEU,Germany,Central Europe,Temperate Continental,1989,9.713916410650283,551.7,1.5062187615869487,-117.31,0.49797709536169066,-79.69999999999993
DEU,Germany,Central Europe,Temperate Continental,1990,9.557822580645162,572.3,1.3501249315818284,-96.71000000000001,-0.1560938300051209,20.59999999999991
DEU,Germany,Central Europe,Temperate Continental,1991,8.372994751664107,479.0,0.16529710260077335,-190.01000000000002,-1.1848278289810548,-93.29999999999995
DEU,Germany,Central Europe,Temperate Continental,1992,9.296298665183537,714.6,1.088601016120204,45.59000000000002,0.9233039135194296,235.60000000000002
DEU,Germany,Central Europe,Temperate Continental,1993,8.29194828469022,714.0,0.08425063562688735,44.989999999999995,-1.0043503804933174,-0.6000000000000227
DEU,Germany,Central Europe,Temperate Continental,1994,9.712076292882744,713.1,1.5043786438194113,44.08999999999997,1.420128008192524,-0.8999999999999773
DEU,Germany,Central Europe,Temperate Continental,1995,8.932474398361496,604.4,0.7247767492981622,-64.61,-0.7796018945212477,-108.70000000000005
DEU,Germany,Central Europe,Temperate Continental,1996,6.969481831664813,573.8,-1.2382158173985205,-95.21000000000001,-1.9629925666966832,-30.600000000000023
DEU,Germany,Central Europe,Temperate Continental,1997,8.721112391193037,599.1,0.5134147421297033,-69.91000000000001,1.7516305595282242,25.300000000000068
DEU,Germany,Central Europe,Temperate Continental,1998,8.879623015873015,796.1,0.6719253668096826,127.09,0.15851062467997856,197.0
DEU,Germany,Central Europe,Temperate Continental,1999,9.48017601126472,643.3,1.2724783622013875,-25.710000000000004,0.6005529953917055,-152.80000000000007
DEU,Germany,Central Europe,Temperate Continental,2000,9.765483252997157,664.8,1.557785603933824,-4.210000000000015,0.28530724173243627,21.5
DEU,Germany,Central Europe,Temperate Continental,2001,8.938212365591399,705.1,0.7305147165280648,36.089999999999975,-0.8272708874057582,40.30000000000007
DEU,Germany,Central Europe,Temperate Continental,2002,9.264547491039426,886.5,1.0568498419760928,217.49000000000004,0.32633512544802734,181.39999999999998
DEU,Germany,Central Europe,Temperate Continental,2003,9.437878904249873,444.90000000000003,1.2301812551865385,-224.11,0.17333141321044643,-441.59999999999997
DEU,Germany,Central Europe,Temperate Continental,2004,8.937885922630082,627.7,0.7301882735667498,-41.31000000000002,-0.49999298161979056,182.8
DEU,Germany,Central Europe,Temperate Continental,2005,9.141084869431644,562.1,0.9333872203683106,-106.91000000000001,0.20319894680156203,-65.60000000000002
DEU,Germany,Central Europe,Temperate Continental,2006,9.650276497695852,552.9,1.4425788486325193,-116.11000000000001,0.5091916282642082,-9.200000000000045
DEU,Germany,Central Europe,Temperate Continental,2007,9.887530081925243,851.4,1.6798324328619103,182.38999999999996,0.23725358422939102,298.5
DEU,Germany,Central Europe,Temperate Continental,2008,9.502035904090965,607.8,1.294338255027632,-61.21,-0.3854941778342784,-243.60000000000002
DEU,Germany,Central Europe,Temperate Continental,2009,9.22532258064516,712.5,1.0176249315818282,43.48999999999997,-0.27671332344580435,104.70000000000005
DEU,Germany,Central Europe,Temperate Continental,2010,7.626434331797235,717.9,-0.581263317266098,48.88999999999998,-1.598888248847926,5.399999999999977
DEU,Germany,Central Europe,Temperate Continental,2011,9.76591077828981,484.2,1.558213129226477,-184.81,2.1394764464925746,-233.7
DEU,Germany,Central Europe,Temperate Continental,2012,9.194441354591522,669.4,0.9867437055281885,0.38999999999999346,-0.5714694236982876,185.2
DEU,Germany,Central Europe,Temperate Continental,2013,8.606065028161803,688.9,0.3983673790984694,19.889999999999993,-0.588376326429719,19.5
DEU,Germany,Central Europe,Temperate Continental,2014,10.336296082949309,640.9,2.128598433885976,-28.110000000000028,1.730231054787506,-48.0
DEU,Germany,Central Europe,Temperate Continental,2015,9.980226574500767,558.8,1.7725289254374346,-110.21000000000001,-0.3560695084485417,-82.10000000000002
DEU,Germany,Central Europe,Temperate Continental,2016,9.722057224076133,581.6,1.5143595750128014,-87.41000000000003,-0.25816935042463385,22.800000000000068
DEU,Germany,Central Europe,Temperate Continental,2017,9.504114823348695,712.1,1.2964171742853612,43.08999999999996,-0.21794240072743776,130.5
DEU,Germany,Central Europe,Temperate Continental,2018,10.526941244239632,491.0,2.319243595176298,-178.01000000000002,1.0228264208909366,-221.10000000000002
DEU,Germany,Central Europe,Temperate Continental,2019,10.344987199180748,605.3,2.1372895501174143,-63.71000000000002,-0.1819540450588839,114.29999999999995
DEU,Germany,Central Europe,Temperate Continental,2020,10.427021381782227,585.8,2.2193237327188937,-83.21000000000002,0.08203418260147899,-19.5
DEU,Germany,Central Europe,Temperate Continental,2021,8.955272017409115,687.4,0.7475743683457815,18.39,-1.471749364373112,101.60000000000002
DEU,Germany,Central Europe,Temperate Continental,2022,10.436612263184843,552.6,2.2289146141215106,-116.41000000000003,1.481340245775728,-134.79999999999995
DEU,Germany,Central Europe,Temperate Continental,2023,10.609227470558116,760.3,2.4015298214947824,91.28999999999998,0.17261520737327274,207.69999999999993
ESP,Spain,Southern Europe,Mediterranean / Semi-Arid,1960,14.587186379928314,662.9,0.005525966535421256,170.76333333333335,,
ESP,Spain,Southern Europe,Mediterranean / Semi-Arid,1961,15.812708013312852,450.5,1.2310475999199575,-41.63666666666667,1.2255216333845382,-212.39999999999998
ESP,Spain,Southern Europe,Mediterranean / Semi-Arid,1962,14.880906938044035,520.3,0.2992465246511408,28.163333333333313,-0.9318010752688171,69.79999999999995
ESP,Spain,Southern Europe,Mediterranean / Semi-Arid,1963,14.171563620071685,732.3000000000001,-0.4100967933212096,240.16333333333336,-0.7093433179723494,212.0000000000001
ESP,Spain,Southern Europe,Mediterranean / Semi-Arid,1964,14.949865900383143,347.3,0.36820548699024735,-144.8366666666667,0.7783022803114577,-385.00000000000006
ESP,Spain,Southern Europe,Mediterranean / Semi-Arid,1965,14.710838453661035,539.2,0.1291780402681404,47.06333333333333,-0.2390274467221083,191.90000000000003
ESP,Spain,Southern Europe,Mediterranean / Semi-Arid,1966,14.750719406041986,489.4,0.16905899264909227,-2.736666666666686,0.03988095238095113,-49.80000000000007
ESP,Spain,Southern Europe,Mediterranean / Semi-Arid,1967,14.39169418842806,447.1,-0.1899662249648345,-45.03666666666666,-0.3590252176139259,-42.299999999999955
ESP,Spain,Southern Europe,Mediterranean / Semi-Arid,1968,14.661994191076504,442.4,0.08033377768361023,-49.73666666666668,0.2703000026484439,-4.7000000000000455
ESP,Spain,Southern Europe,Mediterranean / Semi-Arid,1969,13.613853686635943,626.8,-0.9678067267569496,134.66333333333333,-1.0481405044405605,184.39999999999998
ESP,Spain,Southern Europe,Mediterranean / Semi-Arid,1970,14.778444060419867,410.0,0.19678364702697293,-82.13666666666668,1.1645903737839234,-216.79999999999995
ESP,Spain,Southern Europe,Mediterranean / Semi-Arid,1971,13.07873335893497,701.3000000000001,-1.5029270544579223,209.16333333333333,-1.6997107014848964,291.30000000000007
ESP,Spain,Southern Europe,Mediterranean / Semi-Arid,1972,13.251471696947226,758.2,-1.330188716445669,266.06333333333333,0.17273833801225535,56.89999999999998
ESP,Spain,Southern Europe,Mediterranean / Semi-Arid,1973,14.03540322580645,415.0,-0.5462571875864428,-77.13666666666668,0.7839315288592239,-343.20000000000005
ESP,Spain,Southern Europe,Mediterranean / Semi-Arid,1974,14.103271249359958,409.2,-0.47838916403293513,-82.93666666666667,0.0678680235535083,-5.800000000000011
ESP,Spain,Southern Europe,Mediterranean / Semi-Arid,1975,13.961519457245265,500.1,-0.6201409561476304,7.963333333333331,-0.14175179211469313,90.90000000000003
ESP,Spain,Southern Europe,Mediterranean / Semi-Arid,1976,14.083632122110986,482.5,-0.49802829128190645,-9.636666666666677,0.12211266486572114,-17.600000000000023
ESP,Spain,Southern Europe,Mediterranean / Semi-Arid,1977,14.360302099334357,559.6,-0.2213583140585366,67.46333333333332,0.2766699772233707,77.10000000000002
ESP,Spain,Southern Europe,Mediterranean / Semi-Arid,1978,14.549352278545827,426.6,-0.03230813484706707,-65.53666666666666,0.1890501792114705,-133.0
ESP,Spain,Southern Europe,Mediterranean / Semi-Arid,1979,14.584347158218128,549.6,0.0026867448252319015,57.46333333333334,0.03499487967230053,123.0
ESP,Spain,Southern Europe,Mediterranean / Semi-Arid,1980,14.409535595105673,370.5,-0.17212481828722073,-121.63666666666667,-0.1748115631124545,-179.10000000000002
ESP,Spain,Southern Europe,Mediterranean / Semi-Arid,1981,15.03240015360983,429.9,0.45073974021693725,-62.23666666666668,0.6228645585041566,59.39999999999998
ESP,Spain,Southern Europe,Mediterranean / Semi-Arid,1982,14.748751280081926,453.5,0.16709086668903175,-38.636666666666684,-0.2836488735279037,23.600000000000023
ESP,Spain,Southern Europe,Mediterranean / Semi-Arid,1983,14.925771889400922,419.79999999999995,0.3441114760080277,-72.33666666666669,0.17702060931899588,-33.700000000000045
ESP,Spain,Southern Europe,Mediterranean / Semi-Arid,1984,14.044796996662958,482.6,-0.5368634167299354,-9.536666666666676,-0.8809748927379637,62.80000000000007
ESP,Spain,Southern Europe,Mediterranean / Semi-Arid,1985,15.378566948284691,389.8,0.7969065348917962,-102.33666666666667,1.3337699516217327,-92.80000000000001
ESP,Spain,Southern Europe,Mediterranean / Semi-Arid,1986,14.745226574500768,425.0,0.16356616110787411,-67.13666666666671,-0.6333403737839234,35.19999999999999
ESP,Spain,Southern Europe,Mediterranean / Semi-Arid,1987,15.315232974910394,611.5,0.7335725615175003,119.36333333333332,0.5700064004096266,186.5
ESP,Spain,Southern Europe,Mediterranean / Semi-Arid,1988,14.789708935854653,416.90000000000003,0.20804852246175942,-75.23666666666666,-0.5255240390557407,-194.59999999999997
ESP,Spain,Southern Europe,Mediterranean / Semi-Arid,1989,15.849893753200206,634.2,1.268233339807312,142.06333333333333,1.0601848173455526,217.3
ESP,Spain,Southern Europe,Mediterranean / Semi-Arid,1990,15.47930619559652,323.0,0.8976457822036247,-169.13666666666668,-0.37058755760368634,-311.20000000000005
ESP,Spain,Southern Europe,Mediterranean / Semi-Arid,1991,14.853580389144904,406.4,0.27191997575201127,-85.7366666666667,-0.6257258064516158,83.39999999999998
ESP,Spain,Southern Europe,Mediterranean / Semi-Arid,1992,14.494842417500927,353.0,-0.08681799589196708,-139.13666666666668,-0.35873797164397736,-53.39999999999998
ESP,Spain,Southern Europe,Mediterranean / Semi-Arid,1993,13.859180747567843,391.3,-0.7224796658250497,-100.83666666666667,-0.6356616699330839,38.30000000000001
ESP,Spain,Southern Europe,Mediterranean / Semi-Arid,1994,15.644864311315922,271.5,1.0632038979230303,-220.63666666666666,1.78568356374808,-119.80000000000001
ESP,Spain,Southern Europe,Mediterranean / Semi-Arid,1995,16.27094982078853,342.6,1.6892894073956362,-149.53666666666666,0.6260855094726079,71.10000000000002
ESP,Spain,Southern Europe,Mediterranean / Semi-Arid,1996,15.093730070448649,609.4,0.5120696570557528,117.26333333333335,-1.1772197503398818,266.79999999999995
ESP,Spain,Southern Europe,Mediterranean / Semi-Arid,1997,15.713641193036354,660.2,1.1319807796434607,168.06333333333333,0.6199111225877054,50.80000000000007
ESP,Spain,Southern Europe,Mediterranean / Semi-Arid,1998,15.29593958013313,376.5,0.7142791667402347,-115.63666666666668,-0.4177016129032243,-283.70000000000005
ESP,Spain,Southern Europe,Mediterranean / Semi-Arid,1999,15.1843407578085,408.9,0.6026803444156061,-83.23666666666666,-0.11159882232463048,32.39999999999998
ESP,Spain,Southern Europe,Mediterranean / Semi-Arid,2000,15.425679458657768,446.7,0.8440190452648735,-45.43666666666669,0.24133870084926912,37.80000000000001
ESP,Spain,Southern Europe,Mediterranean / Semi-Arid,2001,15.556446492575525,365.6,0.9747860791826309,-126.53666666666666,0.13076703391775624,-81.09999999999997
ESP,Spain,Southern Europe,Mediterranean / Semi-Arid,2002,15.530337301587302,452.4,0.9486768881944072,-39.73666666666668,-0.026109190988222508,86.79999999999995
ESP,Spain,Southern Europe,Mediterranean / Semi-Arid,2003,15.861209677419355,548.9,1.2795492640264612,56.763333333333314,0.33087237583205287,96.5
ESP,Spain,Southern Europe,Mediterranean / Semi-Arid,2004,14.969402731429982,494.4,0.38774231803708975,2.263333333333314,-0.8918069459893729,-54.5
ESP,Spain,Southern Europe,Mediterranean / Semi-Arid,2005,15.083650793650795,269.0,0.5019903802578995,-223.13666666666668,0.1142480622208133,-225.39999999999998
ESP,Spain,Southern Europe,Mediterranean / Semi-Arid,2006,16.03179467485919,471.3,1.4501342614662966,-20.83666666666666,0.9481438812083933,202.3
ESP,Spain,Southern Europe,Mediterranean / Semi-Arid,2007,14.6581541218638,382.0,0.07649370847090513,-110.13666666666668,-1.3736405529953881,-89.30000000000001
ESP,Spain,Southern Europe,Mediterranean / Semi-Arid,2008,14.718739031022123,469.3,0.13707861762922943,-22.83666666666666,0.060584909158322375,87.30000000000001
ESP,Spain,Southern Europe,Mediterranean / Semi-Arid,2009,16.10261072708653,372.6,1.5209503136936393,-119.53666666666666,1.3838716960644089,-96.69999999999999
ESP,Spain,Southern Europe,Mediterranean / Semi-Arid,2010,14.877788658474143,577.7,0.29612824508124835,85.5633333333333,-1.2248220686123883,205.10000000000002
ESP,Spain,Southern Europe,Mediterranean / Semi-Arid,2011,15.934525089605735,387.0,1.3528646762128407,-105.13666666666666,1.0567364311315917,-190.70000000000005
ESP,Spain,Southern Europe,Mediterranean / Semi-Arid,2012,15.618259485848474,361.1,1.036599072455579,-131.03666666666666,-0.31626560375726065,-25.899999999999977
ESP,Spain,Southern Europe,Mediterranean / Semi-Arid,2013,15.018582309267792,415.1,0.4369218958748989,-77.03666666666666,-0.5996771765806823,54.0
ESP,Spain,Southern Europe,Mediterranean / Semi-Arid,2014,16.032800819252433,454.5,1.4511404058595379,-37.63666666666667,1.0142185099846408,39.39999999999998
ESP,Spain,Southern Europe,Mediterranean / Semi-Arid,2015,16.37835189452125,288.3,1.7966914811283552,-203.83666666666667,0.34555107526881557,-166.2
ESP,Spain,Southern Europe,Mediterranean / Semi-Arid,2016,16.14508188110246,528.8,1.5634214677095652,36.66333333333335,-0.23327001341878884,240.49999999999994
ESP,Spain,Southern Europe,Mediterranean / Semi-Arid,2017,16.637075652841784,347.40000000000003,2.0554152394488874,-144.73666666666668,0.4919937717393239,-181.39999999999992
ESP,Spain,Southern Europe,Mediterranean / Semi-Arid,2018,15.363579749103943,527.0,0.7819193357110485,34.863333333333316,-1.2734959037378406,179.59999999999997
ESP,Spain,Southern Europe,Mediterranean / Semi-Arid,2019,16.21889080901178,338.7,1.637230395618883,-153.43666666666667,0.8553110599078355,-188.3
ESP,Spain,Southern Europe,Mediterranean / Semi-Arid,2020,16.33640526510938,398.5,1.754744851716487,-93.63666666666667,0.11751445609760225,59.80000000000001
ESP,Spain,Southern Europe,Mediterranean / Semi-Arid,2021,15.836410010240655,448.29999999999995,1.2547495968477616,-43.83666666666667,-0.4999952548687254,49.799999999999955
ESP,Spain,Southern Europe,Mediterranean / Semi-Arid,2022,17.18869367639529,468.20000000000005,2.607033263002395,-23.936666666666667,1.3522836661546336,19.90000000000009
ESP,Spain,Southern Europe,Mediterranean / Semi-Arid,2023,16.66935355862775,488.0,2.087693145234858,-4.136666666666702,-0.5193401177675376,19.799999999999955
FRA,France,Western Europe,Temperate Oceanic,1960,11.193162773451983,843.1,0.31955805833642276,56.41333333333335,,
FRA,France,Western Europe,Temperate Oceanic,1961,12.213511264720943,652.0,1.3399065496053815,-134.68666666666667,1.02034849126896,-191.10000000000002
FRA,France,Western Europe,Temperate Oceanic,1962,10.208492703533027,668.1,-0.6651120115825345,-118.58666666666667,-2.0050185611879154,16.100000000000023
FRA,France,Western Europe,Temperate Oceanic,1963,9.89848886328725,710.0,-0.9751158518283107,-76.68666666666667,-0.310003840245777,41.89999999999998
FRA,France,Western Europe,Temperate Oceanic,1964,10.885836423186257,680.8,0.012231708070695993,-105.88666666666666,0.9873475598990069,-29.200000000000045
FRA,France,Western Europe,Temperate Oceanic,1965,10.511926523297491,1014.0,-0.36167819181806965,227.31333333333336,-0.37390989988876555,333.20000000000005
FRA,France,Western Europe,Temperate Oceanic,1966,11.319857270865336,907.0,0.44625255574977496,120.31333333333333,0.8079307475678448,-107.0
FRA,France,Western Europe,Temperate Oceanic,1967,11.038719278033794,738.2,0.16511456291823365,-48.48666666666667,-0.2811379928315425,-168.79999999999995
FRA,France,Western Europe,Temperate Oceanic,1968,10.583364231862562,942.6,-0.29024048325299706,155.91333333333333,-0.45535504617123124,204.39999999999998
FRA,France,Western Europe,Temperate Oceanic,1969,10.69954813108039,774.0,-0.1740565840351713,-12.68666666666666,0.11618389921782679,-168.60000000000002
FRA,France,Western Europe,Temperate Oceanic,1970,10.696189836149514,836.2,-0.1774148789660469,49.51333333333332,-0.0033582949308748056,62.200000000000045
FRA,France,Western Europe,Temperate Oceanic,1971,10.487240783410138,855.0,-0.3863639317054222,68.31333333333335,-0.20894905273937603,18.799999999999955
FRA,France,Western Europe,Temperate Oceanic,1972,10.383624706463973,855.0,-0.48998000865158814,68.31333333333336,-0.10361607694616559,0.0
FRA,France,Western Europe,Temperate Oceanic,1973,10.440335381464413,704.1,-0.4332693336511471,-82.58666666666664,0.05671067500044025,-150.89999999999998
FRA,France,Western Europe,Temperate Oceanic,1974,11.089259472606246,827.6,0.21565475749068605,40.91333333333335,0.6489240911418328,123.5
FRA,France,Western Europe,Temperate Oceanic,1975,10.656987967229902,764.3,-0.21661674788565768,-22.386666666666663,-0.4322715053763435,-63.30000000000007
FRA,France,Western Europe,Temperate Oceanic,1976,11.452690643925349,655.0,0.5790859288097886,-131.68666666666667,0.7957026766954467,-109.29999999999995
FRA,France,Western Europe,Temperate Oceanic,1977,10.791406169994879,921.9000000000001,-0.08219854512068114,135.21333333333337,-0.6612844739304702,266.9000000000001
FRA,France,Western Europe,Temperate Oceanic,1978,10.532700972862264,729.7,-0.34090374225329717,-56.98666666666665,-0.2587051971326151,-192.20000000000005
FRA,France,Western Europe,Temperate Oceanic,1979,10.524375960061443,914.6,-0.3492287550541168,127.91333333333331,-0.008325012800820986,184.89999999999998
FRA,France,Western Europe,Temperate Oceanic,1980,10.052564886911382,785.5,-0.8210398282041775,-1.1866666666666674,-0.4718110731500609,-129.10000000000002
FRA,France,Western Europe,Temperate Oceanic,1981,10.698835765488992,997.8000000000001,-0.17476894962656897,211.11333333333334,0.6462708785776101,212.30000000000007
FRA,France,Western Europe,Temperate Oceanic,1982,11.803058115719407,776.6,0.9294534006038454,-10.086666666666666,1.1042223502304154,-221.20000000000005
FRA,France,Western Europe,Temperate Oceanic,1983,11.199206989247314,823.8,0.32560227413175136,37.11333333333332,-0.6038511264720938,47.19999999999993
FRA,France,Western Europe,Temperate Oceanic,1984,10.655112161661105,828.1,-0.21849255345445587,41.413333333333334,-0.5440948275862088,4.300000000000068
FRA,France,Western Europe,Temperate Oceanic,1985,10.316703149001537,619.8,-0.5569015661140243,-166.88666666666668,-0.338409012659568,-208.30000000000007
FRA,France,Western Europe,Temperate Oceanic,1986,10.611065668202764,875.3,-0.2625390469127958,88.61333333333334,0.29436251920122736,255.5
FRA,France,Western Europe,Temperate Oceanic,1987,10.480243215565796,814.4,-0.39336149954976457,27.713333333333324,-0.13082245263696812,-60.89999999999998
FRA,France,Western Europe,Temperate Oceanic,1988,11.56059356074651,755.1,0.6869888456309479,-31.58666666666668,1.0803503451807135,-59.299999999999955
FRA,France,Western Europe,Temperate Oceanic,1989,12.109491807475678,554.0,1.2358870923601182,-232.68666666666667,0.5488982467291681,-201.10000000000002
FRA,France,Western Europe,Temperate Oceanic,1990,12.306709549411162,620.1,1.4331048342956016,-166.58666666666667,0.19721774193548391,66.10000000000002
FRA,France,Western Europe,Temperate Oceanic,1991,10.945433307731696,556.4,0.07182859261613432,-230.2866666666667,-1.361276241679466,-63.700000000000045
FRA,France,Western Europe,Temperate Oceanic,1992,11.288792176492398,725.1,0.4151874613768382,-61.58666666666665,0.34335886876070276,168.70000000000005
FRA,France,Western Europe,Temperate Oceanic,1993,11.132435355862775,731.2,0.25883064074721435,-55.48666666666668,-0.15635682062962353,6.100000000000023
FRA,France,Western Europe,Temperate Oceanic,1994,12.380674603174604,858.0,1.5070698880590427,71.3133333333333,1.2482392473118296,126.79999999999995
FRA,France,Western Europe,Temperate Oceanic,1995,11.928164362519203,763.3,1.054559647403641,-23.386666666666663,-0.4525102406554016,-94.70000000000005
FRA,France,Western Europe,Temperate Oceanic,1996,10.848509763935239,822.8,-0.02509495118032375,36.113333333333344,-1.0796545985839643,59.5
FRA,France,Western Europe,Temperate Oceanic,1997,12.011164874551971,624.3,1.1375601594364106,-162.38666666666666,1.1626551106167327,-198.5
FRA,France,Western Europe,Temperate Oceanic,1998,11.328612391193039,672.7,0.4550076760774761,-113.98666666666668,-0.6825524833589327,48.40000000000009
FRA,France,Western Europe,Temperate Oceanic,1999,11.839311955965181,846.0,0.9657072408496216,59.31333333333335,0.5106995647721426,173.29999999999995
FRA,France,Western Europe,Temperate Oceanic,2000,12.064747868001483,798.7,1.191143152885923,12.01333333333335,0.22543591203630164,-47.299999999999955
FRA,France,Western Europe,Temperate Oceanic,2001,11.437865463389656,782.4,0.5642607482740966,-4.286666666666655,-0.6268824046118269,-16.300000000000068
FRA,France,Western Europe,Temperate Oceanic,2002,12.18455069124424,750.4,1.310945976128679,-36.28666666666667,0.7466852278545844,-32.0
FRA,France,Western Europe,Temperate Oceanic,2003,12.513887608806963,726.9,1.6402828936914033,-59.786666666666655,0.3293369175627223,-23.5
FRA,France,Western Europe,Temperate Oceanic,2004,11.449895871956494,709.9,0.5762911568409345,-76.78666666666669,-1.0639917368504683,-17.0
FRA,France,Western Europe,Temperate Oceanic,2005,11.595708525345621,606.1,0.7221038102300614,-180.58666666666667,0.14581265338912708,-103.79999999999995
FRA,France,Western Europe,Temperate Oceanic,2006,12.16512736815156,751.6,1.2915226530360007,-35.08666666666666,0.5694188428059395,145.5
FRA,France,Western Europe,Temperate Oceanic,2007,11.705169610855094,739.0,0.831564895739534,-47.68666666666668,-0.4599577572964666,-12.600000000000023
FRA,France,Western Europe,Temperate Oceanic,2008,11.186965455444321,806.5,0.31336074032875966,19.813333333333347,-0.518204155410773,67.5
FRA,France,Western Europe,Temperate Oceanic,2009,11.735572836661547,683.3,0.8619681215459857,-103.38666666666668,0.5486073812172254,-123.20000000000005
FRA,France,Western Europe,Temperate Oceanic,2010,10.603961213517666,786.3,-0.2696435015978954,-0.38666666666667737,-1.1316116231438809,103.0
FRA,France,Western Europe,Temperate Oceanic,2011,12.698519585253457,640.3,1.8249148701378957,-146.38666666666666,2.0945583717357916,-146.0
FRA,France,Western Europe,Temperate Oceanic,2012,11.707702385366455,724.5,0.8340976702508955,-62.18666666666668,-0.9908171998870028,84.20000000000005
FRA,France,Western Europe,Temperate Oceanic,2013,11.119238991295441,837.7,0.24563427617988254,51.01333333333333,-0.5884633940710131,113.20000000000005
FRA,France,Western Europe,Temperate Oceanic,2014,12.618919610855095,754.8,1.745314895739534,-31.88666666666665,1.499680619559653,-82.90000000000009
FRA,France,Western Europe,Temperate Oceanic,2015,12.527083333333335,599.1,1.653478618217773,-187.58666666666664,-0.09183627752175916,-155.69999999999993
FRA,France,Western Europe,Temperate Oceanic,2016,11.907323569398097,785.9,1.0337188542825364,-0.7866666666666831,-0.6197597639352388,186.79999999999995
FRA,France,Western Europe,Temperate Oceanic,2017,11.954989759344599,760.2,1.0813850442290374,-26.48666666666668,0.04766618994650251,-25.699999999999932
FRA,France,Western Europe,Temperate Oceanic,2018,12.93594982078853,768.1,2.06234510567297,-18.58666666666663,0.9809600614439304,7.899999999999977
FRA,France,Western Europe,Temperate Oceanic,2019,12.764238351254482,708.9,1.8906336361389198,-77.78666666666666,-0.17171146953404737,-59.200000000000045
FRA,France,Western Europe,Temperate Oceanic,2020,13.349488011370658,662.4,2.475883296255098,-124.28666666666666,0.5852496601161761,-46.5
FRA,France,Western Europe,Temperate Oceanic,2021,11.57770737327189,811.4,0.7041026581563289,24.713333333333345,-1.7717806380987682,149.0
FRA,France,Western Europe,Temperate Oceanic,2022,13.2146678187404,661.4,2.3410631036248386,-125.28666666666666,1.6369604454685103,-150.0
FRA,France,Western Europe,Temperate Oceanic,2023,13.196060547875064,884.6,2.3224558327595033,97.91333333333333,-0.018607270865336645,223.20000000000005
IND,India,South Asia,Monsoonal / Tropical,1960,25.867875417130147,1192.5,0.24587653609830973,4.283333333333333,,
IND,India,South Asia,Monsoonal / Tropical,1961,25.17461149513569,1765.1000000000001,-0.4473873858961464,576.8833333333333,-0.6932639219944576,572.6000000000001
IND,India,South Asia,Monsoonal / Tropical,1962,25.26207245263697,1076.6000000000001,-0.3599264283948657,-111.61666666666665,0.08746095750128191,-688.5
IND,India,South Asia,Monsoonal / Tropical,1963,26.024195468509987,1194.1000000000001,0.4021965874781503,5.883333333333313,0.7621230158730157,117.5
IND,India,South Asia,Monsoonal / Tropical,1964,25.986789333827705,1314.8,0.36479045279587413,126.5833333333333,-0.037406134682282044,120.69999999999982
IND,India,South Asia,Monsoonal / Tropical,1965,26.1990188172043,777.7,0.5770199361724654,-410.51666666666677,0.2122294833765963,-537.0999999999999
IND,India,South Asia,Monsoonal / Tropical,1966,26.277472478238607,935.5,0.6554735972067723,-252.71666666666675,0.07845366103430607,157.79999999999995
IND,India,South Asia,Monsoonal / Tropical,1967,26.018859447004605,1446.2,0.396860565972774,257.9833333333333,-0.2586130312340025,510.70000000000005
IND,India,South Asia,Monsoonal / Tropical,1968,25.401236559139786,1349.6000000000001,-0.22076232189205017,161.38333333333327,-0.6176228878648189,-96.59999999999991
IND,India,South Asia,Monsoonal / Tropical,1969,25.987788658474145,1226.1999999999998,0.36578977744230823,37.98333333333321,0.5865520993343587,-123.40000000000032
IND,India,South Asia,Monsoonal / Tropical,1970,25.194178187403992,1198.8,-0.42782069362784075,10.583333333333258,-0.7936104710701528,-27.399999999999864
IND,India,South Asia,Monsoonal / Tropical,1971,24.723543906810036,1729.7000000000003,-0.898454974221799,541.4833333333333,-0.4706342805939556,530.9000000000003
IND,India,South Asia,Monsoonal / Tropical,1972,26.076930231121,1097.4,0.45493135008916497,-90.81666666666672,1.3533863243109643,-632.3000000000002
IND,India,South Asia,Monsoonal / Tropical,1973,25.667391833077318,1615.0,0.045392952045481515,426.78333333333325,-0.40953839804368286,517.5999999999999
IND,India,South Asia,Monsoonal / Tropical,1974,25.716420250896054,1026.9,0.09442136986422216,-161.31666666666675,0.0490284178187359,-588.0999999999999
IND,India,South Asia,Monsoonal / Tropical,1975,25.372062211981568,1385.1000000000001,-0.24993666905026815,196.88333333333324,-0.3443580389144856,358.20000000000005
IND,India,South Asia,Monsoonal / Tropical,1976,25.779984859720674,1057.5,0.1579859786888426,-130.71666666666678,0.407922647739106,-327.60000000000014
IND,India,South Asia,Monsoonal / Tropical,1977,25.75475358422939,1482.8000000000002,0.13275470319755556,294.58333333333337,-0.0252312754912829,425.3000000000002
IND,India,South Asia,Monsoonal / Tropical,1978,24.988173323092678,1090.0,-0.6338255579391561,-98.21666666666665,-0.7665802611367134,-392.8000000000002
IND,India,South Asia,Monsoonal / Tropical,1979,26.039566692268306,779.1,0.41756781123647,-409.1166666666667,1.0513933691756279,-310.9
IND,India,South Asia,Monsoonal / Tropical,1980,26.157694042763566,1864.6,0.5356951617317298,676.3833333333333,0.11812735049526069,1085.5
IND,India,South Asia,Monsoonal / Tropical,1981,25.211308243727597,822.9,-0.4106906373042373,-365.3166666666667,-0.9463857990359692,-1041.6999999999998
IND,India,South Asia,Monsoonal / Tropical,1982,25.400941500256014,1503.5,-0.22105738077581805,315.28333333333325,0.1896332565284169,680.6
IND,India,South Asia,Monsoonal / Tropical,1983,25.089764464925754,962.5,-0.5322344161060801,-225.71666666666675,-0.3111770353302603,-541.0
IND,India,South Asia,Monsoonal / Tropical,1984,25.345024718823385,988.5000000000001,-0.27697416220845056,-199.71666666666673,0.25526025389763163,26.000000000000114
IND,India,South Asia,Monsoonal / Tropical,1985,25.67051779313876,832.8000000000001,0.0485189121069259,-355.41666666666663,0.325493074315375,-155.70000000000005
IND,India,South Asia,Monsoonal / Tropical,1986,25.71110407066052,1249.6,0.08910518962868696,61.38333333333324,0.04058627752176136,416.79999999999984
IND,India,South Asia,Monsoonal / Tropical,1987,25.803511264720942,703.5,0.18151238368910713,-484.71666666666675,0.09240719406042075,-546.0999999999999
IND,India,South Asia,Monsoonal / Tropical,1988,26.023871585712516,1109.4,0.4018727046806851,-78.81666666666666,0.2203603209915741,405.9000000000001
IND,India,South Asia,Monsoonal / Tropical,1989,25.478133640552997,753.8000000000001,-0.14386524047883942,-434.4166666666667,-0.5457379451595195,-355.6
IND,India,South Asia,Monsoonal / Tropical,1990,25.123045314900153,1307.3,-0.498953566131681,119.08333333333327,-0.35508832565284365,553.4999999999999
IND,India,South Asia,Monsoonal / Tropical,1991,26.04445084485407,1089.4,0.42245196382223593,-98.8166666666667,0.9214055299539154,-217.89999999999986
IND,India,South Asia,Monsoonal / Tropical,1992,25.886787170930663,585.6,0.26478828989882813,-602.6166666666667,-0.1576636739234054,-503.80000000000007
IND,India,South Asia,Monsoonal / Tropical,1993,25.473584869431644,1335.6,-0.14841401160019055,147.38333333333333,-0.4132023014990196,749.9999999999999
IND,India,South Asia,Monsoonal / Tropical,1994,25.470152969790067,1396.7,-0.15184591124176774,208.4833333333333,-0.003431899641576308,61.100000000000136
IND,India,South Asia,Monsoonal / Tropical,1995,25.847876984126984,887.3,0.2258781030951491,-300.91666666666674,0.37772401433691627,-509.4000000000001
IND,India,South Asia,Monsoonal / Tropical,1996,25.818531083920405,1164.6000000000001,0.1965322028885712,-23.61666666666672,-0.02934590020657879,277.3000000000002
IND,India,South Asia,Monsoonal / Tropical,1997,24.968099078341012,1307.1,-0.6538998026908205,118.88333333333324,-0.8504320055793926,142.49999999999977
IND,India,South Asia,Monsoonal / Tropical,1998,25.865957501280082,955.0,0.24395862024824755,-233.21666666666673,0.8978584229390698,-352.0999999999999
IND,India,South Asia,Monsoonal / Tropical,1999,25.062181899641576,1347.2,-0.5598169813902573,158.9833333333333,-0.803775601638506,392.20000000000005
IND,India,South Asia,Monsoonal / Tropical,2000,25.30167655419602,881.3,-0.3203223268358147,-306.91666666666674,0.23949465455444496,-465.9000000000001
IND,India,South Asia,Monsoonal / Tropical,2001,25.482037250384025,1024.9,-0.13996163064780967,-163.31666666666672,0.18036069618800354,143.60000000000014
IND,India,South Asia,Monsoonal / Tropical,2002,26.154678059395803,1080.2,0.5326791783639674,-108.0166666666667,0.6726408090117779,55.299999999999955
IND,India,South Asia,Monsoonal / Tropical,2003,25.79667690732207,1251.6,0.1746780262902344,63.38333333333325,-0.35800115207373295,171.39999999999986
IND,India,South Asia,Monsoonal / Tropical,2004,25.88192528735632,939.6999999999999,0.25992640632448705,-248.51666666666677,0.08524838003425117,-311.9
IND,India,South Asia,Monsoonal / Tropical,2005,25.817918586789556,1099.2,0.19591970575772066,-89.01666666666678,-0.06400670056676461,159.5000000000001
IND,India,South Asia,Monsoonal / Tropical,2006,25.59123271889401,1390.7,-0.03076616213782568,202.48333333333332,-0.22668586789554723,291.5
IND,India,South Asia,Monsoonal / Tropical,2007,25.847034690220173,955.3,0.22503580918833985,-232.91666666666674,0.25580197132616433,-435.4000000000001
IND,India,South Asia,Monsoonal / Tropical,2008,25.722870782350757,904.4,0.10087190131892498,-283.8166666666667,-0.12416390786941633,-50.89999999999998
IND,India,South Asia,Monsoonal / Tropical,2009,26.422210701484897,1115.6,0.8002118204530605,-72.61666666666667,0.6993399191341396,211.19999999999993
IND,India,South Asia,Monsoonal / Tropical,2010,26.511385688684076,791.7,0.8893868076522414,-396.51666666666677,0.08917498719917916,-323.89999999999986
IND,India,South Asia,Monsoonal / Tropical,2011,25.357664490527394,1488.5,-0.2643343905044402,300.2833333333333,-1.1537211981566813,696.8
IND,India,South Asia,Monsoonal / Tropical,2012,25.3649156470152,1192.1999999999998,-0.25708323401663336,3.9833333333332366,0.007251156487804167,-296.3000000000002
IND,India,South Asia,Monsoonal / Tropical,2013,25.063056195596516,1663.8,-0.5589426854353174,475.58333333333337,-0.3018594514186823,471.60000000000014
IND,India,South Asia,Monsoonal / Tropical,2014,26.045147849462367,835.5,0.42314896843053135,-352.71666666666675,0.9820916538658508,-828.3
IND,India,South Asia,Monsoonal / Tropical,2015,25.916659626216077,1360.8999999999999,0.2946607451842433,172.68333333333317,-0.12848822324628983,525.3999999999999
IND,India,South Asia,Monsoonal / Tropical,2016,25.94139970337412,1438.8000000000002,0.31940082234228573,250.5833333333333,0.02474007715804305,77.90000000000032
IND,India,South Asia,Monsoonal / Tropical,2017,26.07596966205837,1033.8,0.45397078102653676,-154.4166666666667,0.13456995868424926,-405.0000000000002
IND,India,South Asia,Monsoonal / Tropical,2018,25.968796082949307,1286.7,0.34679720191747315,98.48333333333325,-0.10717357910906244,252.9000000000001
IND,India,South Asia,Monsoonal / Tropical,2019,25.960135688684076,1598.6000000000001,0.33813680765224063,410.3833333333334,-0.00866039426523102,311.9000000000001
IND,India,South Asia,Monsoonal / Tropical,2020,25.766917562724014,1936.2,0.14491868169218028,747.9833333333331,-0.19321812596006183,337.5999999999999
IND,India,South Asia,Monsoonal / Tropical,2021,25.698015873015873,1359.1,0.0760169919840387,170.8833333333333,-0.06890168970814159,-577.1000000000001
IND,India,South Asia,Monsoonal / Tropical,2022,25.892398233486944,1961.8999999999999,0.27039935245510777,773.6833333333333,0.19438236047107083,602.8
IND,India,South Asia,Monsoonal / Tropical,2023,25.64030465949821,1358.0,0.01830577846637323,169.78333333333325,-0.2520935739887342,-603.8999999999999
KEN,Kenya,Sub-Saharan East Africa,Equatorial Bimodal / Semi-Arid,1960,15.169454022988505,1558.0,0.014413520902119448,-147.3233333333333,,
KEN,Kenya,Sub-Saharan East Africa,Equatorial Bimodal / Semi-Arid,1961,15.415682283666156,1759.8999999999999,0.2606417815797683,54.576666666666654,0.24622826067765047,201.89999999999986
KEN,Kenya,Sub-Saharan East Africa,Equatorial Bimodal / Semi-Arid,1962,15.180346262160777,1528.8,0.025305760074392076,-176.52333333333326,-0.23533602150537902,-231.0999999999999
KEN,Kenya,Sub-Saharan East Africa,Equatorial Bimodal / Semi-Arid,1963,15.048644393241167,1982.3,-0.10639610884521893,276.9766666666667,-0.13170186891960967,453.5
KEN,Kenya,Sub-Saharan East Africa,Equatorial Bimodal / Semi-Arid,1964,14.80534668149796,2231.6,-0.3496938205884253,526.2766666666668,-0.2432977117432067,249.29999999999995
KEN,Kenya,Sub-Saharan East Africa,Equatorial Bimodal / Semi-Arid,1965,15.149964797747055,1839.2,-0.0050757043393304295,133.87666666666672,0.34461811624909444,-392.39999999999986
KEN,Kenya,Sub-Saharan East Africa,Equatorial Bimodal / Semi-Arid,1966,15.318816564260112,1584.0,0.16377606217372623,-121.32333333333335,0.16885176651305756,-255.20000000000005
KEN,Kenya,Sub-Saharan East Africa,Equatorial Bimodal / Semi-Arid,1967,15.283121479774707,1470.8,0.12808097768831908,-234.5233333333333,-0.035695084485405815,-113.20000000000005
KEN,Kenya,Sub-Saharan East Africa,Equatorial Bimodal / Semi-Arid,1968,14.822618650352242,1899.6,-0.332421851734143,194.27666666666664,-0.4605028294224649,428.79999999999995
KEN,Kenya,Sub-Saharan East Africa,Equatorial Bimodal / Semi-Arid,1969,15.26513888888889,1086.2,0.11009838680250301,-619.1233333333332,0.44252023853664824,-813.3999999999999
KEN,Kenya,Sub-Saharan East Africa,Equatorial Bimodal / Semi-Arid,1970,15.2791404249872,1599.6000000000001,0.12409992290081313,-105.7233333333333,0.01400153609830923,513.4000000000001
KEN,Kenya,Sub-Saharan East Africa,Equatorial Bimodal / Semi-Arid,1971,14.866793394777266,1539.1,-0.2882471073091207,-166.2233333333333,-0.4123470302099328,-60.50000000000023
KEN,Kenya,Sub-Saharan East Africa,Equatorial Bimodal / Semi-Arid,1972,15.256120689655171,1988.3,0.10108018756878605,282.9766666666667,0.38932729487790496,449.20000000000005
KEN,Kenya,Sub-Saharan East Africa,Equatorial Bimodal / Semi-Arid,1973,15.302220942140297,1582.0,0.14718044005391087,-123.32333333333328,0.04610025248512528,-406.29999999999995
KEN,Kenya,Sub-Saharan East Africa,Equatorial Bimodal / Semi-Arid,1974,14.76793906810036,1677.4,-0.38710143398602775,-27.92333333333329,-0.5342818740399373,95.40000000000009
KEN,Kenya,Sub-Saharan East Africa,Equatorial Bimodal / Semi-Arid,1975,14.957580005120327,1311.6,-0.1974604969660585,-393.7233333333333,0.1896409370199681,-365.8000000000002
KEN,Kenya,Sub-Saharan East Africa,Equatorial Bimodal / Semi-Arid,1976,15.026859473489061,1418.9,-0.12818102859732403,-286.4233333333333,0.06927946836873389,107.30000000000018
KEN,Kenya,Sub-Saharan East Africa,Equatorial Bimodal / Semi-Arid,1977,15.168284690220174,2378.8,0.013244188133787768,673.4766666666667,0.14142521673111297,959.9000000000001
KEN,Kenya,Sub-Saharan East Africa,Equatorial Bimodal / Semi-Arid,1978,14.953701996927803,1932.9,-0.2013385051585829,227.57666666666668,-0.21458269329237112,-445.9000000000001
KEN,Kenya,Sub-Saharan East Africa,Equatorial Bimodal / Semi-Arid,1979,15.131892601126472,1792.4,-0.02314790095991463,87.07666666666668,0.17819060419866872,-140.5
KEN,Kenya,Sub-Saharan East Africa,Equatorial Bimodal / Semi-Arid,1980,15.399896798912373,1403.4,0.24485629682598553,-301.9233333333333,0.2680041977859009,-389.0
KEN,Kenya,Sub-Saharan East Africa,Equatorial Bimodal / Semi-Arid,1981,15.29784690220174,1934.4,0.14280640011535453,229.07666666666665,-0.10204989671063203,531.0
KEN,Kenya,Sub-Saharan East Africa,Equatorial Bimodal / Semi-Arid,1982,15.329434843830006,1737.1,0.17439434174361898,31.77666666666667,0.03158794162826517,-197.30000000000018
KEN,Kenya,Sub-Saharan East Africa,Equatorial Bimodal / Semi-Arid,1983,15.519498207885306,1611.7,0.3644577057989184,-93.62333333333332,0.1900633640553,-125.39999999999986
KEN,Kenya,Sub-Saharan East Africa,Equatorial Bimodal / Semi-Arid,1984,15.001490854035348,1497.1,-0.15354964805103796,-208.22333333333333,-0.5180073538499581,-114.60000000000014
KEN,Kenya,Sub-Saharan East Africa,Equatorial Bimodal / Semi-Arid,1985,14.843978494623656,1496.6,-0.31106200746273044,-208.7233333333333,-0.15751235941169206,-0.5
KEN,Kenya,Sub-Saharan East Africa,Equatorial Bimodal / Semi-Arid,1986,15.045843573988735,1685.2,-0.10919692809765087,-20.123333333333278,0.20186507936507958,188.60000000000014
KEN,Kenya,Sub-Saharan East Africa,Equatorial Bimodal / Semi-Arid,1987,15.791557219662058,1398.7,0.6365167175756725,-306.62333333333333,0.7457136456733231,-286.5
KEN,Kenya,Sub-Saharan East Africa,Equatorial Bimodal / Semi-Arid,1988,15.32873470522803,1873.6000000000001,0.17369420314164433,168.27666666666673,-0.4628225144340288,474.9000000000001
KEN,Kenya,Sub-Saharan East Africa,Equatorial Bimodal / Semi-Arid,1989,14.907098054275474,1907.3,-0.24794244781091246,201.9766666666667,-0.4216366509525553,33.69999999999982
KEN,Kenya,Sub-Saharan East Africa,Equatorial Bimodal / Semi-Arid,1990,15.185622119815669,2011.2,0.03058161772928214,305.8766666666668,0.2785240655401946,103.90000000000009
KEN,Kenya,Sub-Saharan East Africa,Equatorial Bimodal / Semi-Arid,1991,15.46708973374296,1540.9,0.3120492316565735,-164.42333333333332,0.28146761392729047,-470.29999999999995
KEN,Kenya,Sub-Saharan East Africa,Equatorial Bimodal / Semi-Arid,1992,15.20520022246941,1395.5,0.05015972038302404,-309.8233333333333,-0.26188951127354976,-145.4000000000001
KEN,Kenya,Sub-Saharan East Africa,Equatorial Bimodal / Semi-Arid,1993,15.077828981054786,1186.3,-0.07721152103159919,-519.0233333333333,-0.12737124141462353,-209.20000000000005
KEN,Kenya,Sub-Saharan East Africa,Equatorial Bimodal / Semi-Arid,1994,15.375069124423964,1709.7,0.22002862233757683,4.376666666666637,0.29724014336917826,523.4000000000001
KEN,Kenya,Sub-Saharan East Africa,Equatorial Bimodal / Semi-Arid,1995,15.241346006144392,1483.1,0.08630550405800703,-222.22333333333333,-0.13372311827957262,-226.60000000000014
KEN,Kenya,Sub-Saharan East Africa,Equatorial Bimodal / Semi-Arid,1996,15.171867198121369,1398.2,0.01682669603498299,-307.12333333333333,-0.06947880802302286,-84.89999999999986
KEN,Kenya,Sub-Saharan East Africa,Equatorial Bimodal / Semi-Arid,1997,15.518422299027137,1882.1,0.36338179694075085,176.77666666666667,0.3465551009057677,483.89999999999986
KEN,Kenya,Sub-Saharan East Africa,Equatorial Bimodal / Semi-Arid,1998,15.453202124935997,1878.0,0.29816162284961,172.67666666666668,-0.06522017409113978,-4.099999999999909
KEN,Kenya,Sub-Saharan East Africa,Equatorial Bimodal / Semi-Arid,1999,15.033670634920634,1192.0,-0.12136986716575111,-513.3233333333333,-0.4195314900153626,-686.0
KEN,Kenya,Sub-Saharan East Africa,Equatorial Bimodal / Semi-Arid,2000,15.3796387961933,902.2,0.22459829410691468,-803.1233333333333,0.3459681612726655,-289.79999999999995
KEN,Kenya,Sub-Saharan East Africa,Equatorial Bimodal / Semi-Arid,2001,15.270001280081926,1430.1,0.11496077799553905,-275.22333333333336,-0.1096375161113734,527.8999999999999
KEN,Kenya,Sub-Saharan East Africa,Equatorial Bimodal / Semi-Arid,2002,15.399352918586791,1726.0,0.24431241650040367,20.676666666666677,0.12935163850486475,295.9000000000001
KEN,Kenya,Sub-Saharan East Africa,Equatorial Bimodal / Semi-Arid,2003,15.544265873015872,1311.2,0.3892253709294864,-394.12333333333333,0.14491295442908125,-414.79999999999995
KEN,Kenya,Sub-Saharan East Africa,Equatorial Bimodal / Semi-Arid,2004,15.365949511803239,1464.8,0.21090900971685192,-240.5233333333333,-0.17831636121263372,153.5999999999999
KEN,Kenya,Sub-Saharan East Africa,Equatorial Bimodal / Semi-Arid,2005,15.39867191500256,1206.8,0.243631412916174,-498.52333333333337,0.03272240319932074,-258.0
KEN,Kenya,Sub-Saharan East Africa,Equatorial Bimodal / Semi-Arid,2006,15.462542882744495,1787.5,0.3075023806581097,82.17666666666668,0.06387096774193601,580.7
KEN,Kenya,Sub-Saharan East Africa,Equatorial Bimodal / Semi-Arid,2007,15.307071812596007,1264.6,0.15203131050962013,-440.7233333333333,-0.15547107014848827,-522.9000000000001
KEN,Kenya,Sub-Saharan East Africa,Equatorial Bimodal / Semi-Arid,2008,15.263535100729205,1254.3,0.10849459864281889,-451.0233333333333,-0.043536711866801525,-10.299999999999955
KEN,Kenya,Sub-Saharan East Africa,Equatorial Bimodal / Semi-Arid,2009,15.74810547875064,1139.1999999999998,0.5930649766642538,-566.1233333333333,0.4845703780214343,-115.10000000000014
KEN,Kenya,Sub-Saharan East Africa,Equatorial Bimodal / Semi-Arid,2010,15.508015873015873,1302.0,0.3529753709294865,-403.32333333333327,-0.24008960573476656,162.80000000000018
KEN,Kenya,Sub-Saharan East Africa,Equatorial Bimodal / Semi-Arid,2011,15.642528161802355,1475.7,0.487487659715969,-229.6233333333333,0.1345122887864818,173.70000000000005
KEN,Kenya,Sub-Saharan East Africa,Equatorial Bimodal / Semi-Arid,2012,15.586242120875047,1443.8999999999999,0.4312016187886602,-261.42333333333335,-0.05628604092730782,-31.800000000000182
KEN,Kenya,Sub-Saharan East Africa,Equatorial Bimodal / Semi-Arid,2013,15.41660330261137,1368.8,0.26156280052498104,-336.5233333333333,-0.1696388182636781,-75.09999999999991
KEN,Kenya,Sub-Saharan East Africa,Equatorial Bimodal / Semi-Arid,2014,15.56961917562724,1351.5,0.4145786735408534,-353.8233333333333,0.15301587301587105,-17.299999999999955
KEN,Kenya,Sub-Saharan East Africa,Equatorial Bimodal / Semi-Arid,2015,15.944210829493088,1732.4,0.7891703274067009,27.076666666666682,0.37459165386584736,380.9000000000001
KEN,Kenya,Sub-Saharan East Africa,Equatorial Bimodal / Semi-Arid,2016,15.733831726609813,1280.3999999999999,0.5787912245234268,-424.92333333333335,-0.21037910288327488,-452.0000000000002
KEN,Kenya,Sub-Saharan East Africa,Equatorial Bimodal / Semi-Arid,2017,17.69094918074757,1133.7,2.5359086786611815,-571.6233333333333,1.957117454137757,-146.69999999999982
KEN,Kenya,Sub-Saharan East Africa,Equatorial Bimodal / Semi-Arid,2018,17.159754864311317,1965.3,2.0047143622249304,259.9766666666667,-0.5311943164362525,831.5999999999999
KEN,Kenya,Sub-Saharan East Africa,Equatorial Bimodal / Semi-Arid,2019,17.773593189964156,2618.7,2.6185526878777714,913.3766666666667,0.6138383256528392,653.3999999999999
KEN,Kenya,Sub-Saharan East Africa,Equatorial Bimodal / Semi-Arid,2020,17.52677450253368,1972.0,2.3717340004472933,266.67666666666673,-0.2468186874304763,-646.6999999999998
KEN,Kenya,Sub-Saharan East Africa,Equatorial Bimodal / Semi-Arid,2021,17.3323783922171,1464.2,2.1773378901307154,-241.1233333333333,-0.19439611031657833,-507.79999999999995
KEN,Kenya,Sub-Saharan East Africa,Equatorial Bimodal / Semi-Arid,2022,17.394363159242193,953.3,2.239322657155805,-752.0233333333333,0.06198476702509126,-510.9000000000001
KEN,Kenya,Sub-Saharan East Africa,Equatorial Bimodal / Semi-Arid,2023,17.801822836661547,1134.6000000000001,2.64678233457516,-570.7233333333332,0.40745967741935374,181.30000000000018
USA,United States,North America,Temperate / Subtropical Continental,1960,10.277930416512174,924.1,-0.7190820701720305,-22.89333333333333,,
USA,United States,North America,Temperate / Subtropical Continental,1961,10.800407706093191,897.7,-0.1966047805910144,-49.29333333333335,0.5224772895810172,-26.399999999999977
USA,United States,North America,Temperate / Subtropical Continental,1962,10.6442773937532,695.7,-0.35273509293100475,-251.29333333333335,-0.1561303123399913,-202.0
USA,United States,North America,Temperate / Subtropical Continental,1963,10.516169994879673,712.7,-0.48084249180453215,-234.29333333333332,-0.12810739887352618,17.0
USA,United States,North America,Temperate / Subtropical Continental,1964,11.537396489927078,716.7,0.5403840032428748,-230.29333333333332,1.0212264950474044,4.0
USA,United States,North America,Temperate / Subtropical Continental,1965,11.321944444444446,954.1,0.3249319577602397,7.106666666666634,-0.21545204548263186,237.39999999999998
USA,United States,North America,Temperate / Subtropical Continental,1966,10.695494751664107,759.5,-0.3015177350200981,-187.49333333333334,-0.6264496927803389,-194.60000000000002
USA,United States,North America,Temperate / Subtropical Continental,1967,10.522452636968767,969.3,-0.4745598497154382,22.306666666666615,-0.17304211469534003,209.79999999999995
USA,United States,North America,Temperate / Subtropical Continental,1968,10.831405574094674,968.1,-0.1656069125895315,21.106666666666662,0.3089529371259072,-1.1999999999999318
USA,United States,North America,Temperate / Subtropical Continental,1969,10.435284818228366,849.6,-0.5617276684558378,-97.39333333333335,-0.396120755866308,-118.5
USA,United States,North America,Temperate / Subtropical Continental,1970,10.7732859703021,890.9,-0.22372651638210483,-56.093333333333334,0.3380011520737334,41.299999999999955
USA,United States,North America,Temperate / Subtropical Continental,1971,11.814859190988223,604.5,0.8178467043040185,-342.49333333333334,1.0415732206861232,-286.4
USA,United States,North America,Temperate / Subtropical Continental,1972,10.166224817698678,994.6999999999999,-0.8307876689855277,47.70666666666665,-1.6486343732895445,390.19999999999993
USA,United States,North America,Temperate / Subtropical Continental,1973,11.974092421915003,1156.6,0.977079935230798,209.60666666666665,1.8078676042163249,161.89999999999998
USA,United States,North America,Temperate / Subtropical Continental,1974,11.084145545314898,1123.5,0.08713305863069538,176.50666666666666,-0.8899468766001046,-33.09999999999991
USA,United States,North America,Temperate / Subtropical Continental,1975,11.288472862263186,983.5,0.29146037557898075,36.506666666666696,0.20432731694828732,-140.0
USA,United States,North America,Temperate / Subtropical Continental,1976,10.683849338771473,630.9,-0.3131631479127302,-316.09333333333336,-0.6046235234917123,-352.6
USA,United States,North America,Temperate / Subtropical Continental,1977,10.98613543266769,1013.5,-0.01087705401651399,66.50666666666666,0.30228609389621575,382.6
USA,United States,North America,Temperate / Subtropical Continental,1978,9.91699692780338,875.0,-1.0800155588808256,-71.99333333333335,-1.0691385048643092,-138.5
USA,United States,North America,Temperate / Subtropical Continental,1979,10.196378008192525,813.8,-0.80063447849168,-133.19333333333336,0.279381080389145,-61.200000000000045
USA,United States,North America,Temperate / Subtropical Continental,1980,10.984137313063897,934.0,-0.012875173620306324,-12.993333333333332,0.787759304871372,120.20000000000005
USA,United States,North America,Temperate / Subtropical Continental,1981,10.945545314900153,1252.2,-0.05146717178405125,305.20666666666665,-0.038591998163743924,318.20000000000005
USA,United States,North America,Temperate / Subtropical Continental,1982,10.393966333845366,1180.1,-0.6030461528388384,233.10666666666663,-0.5515789810547869,-72.10000000000014
USA,United States,North America,Temperate / Subtropical Continental,1983,11.282279185867894,1073.2,0.2852666991836905,126.20666666666668,0.8883128520225281,-106.89999999999986
USA,United States,North America,Temperate / Subtropical Continental,1984,11.150744654554444,1175.6,0.15373216787023844,228.60666666666665,-0.1315345313134504,102.39999999999986
USA,United States,North America,Temperate / Subtropical Continental,1985,10.549243471582182,1329.0,-0.44776901510202355,382.00666666666666,-0.6015011829722621,153.4000000000001
USA,United States,North America,Temperate / Subtropical Continental,1986,11.854743343573988,1058.1,0.8577308568897842,111.10666666666665,1.305499871991806,-270.9000000000001
USA,United States,North America,Temperate / Subtropical Continental,1987,12.441852278545825,958.3,1.4448397918616218,11.306666666666644,0.5871089349718375,-99.79999999999995
USA,United States,North America,Temperate / Subtropical Continental,1988,11.548432208626869,764.3000000000001,0.5514197219426645,-182.69333333333333,-0.8934200699189567,-193.9999999999999
USA,United States,North America,Temperate / Subtropical Continental,1989,10.319297875064004,896.5,-0.6777146116202005,-50.49333333333334,-1.2291343335628646,132.19999999999993
USA,United States,North America,Temperate / Subtropical Continental,1990,12.250858294930874,1178.2,1.2538458082466701,231.20666666666665,1.9315604198668694,281.70000000000005
USA,United States,North America,Temperate / Subtropical Continental,1991,12.51772209421403,1004.6999999999999,1.5207096075298254,57.70666666666665,0.26686379928315596,-173.5000000000001
USA,United States,North America,Temperate / Subtropical Continental,1992,11.339758064516127,1074.0,0.34274557783192394,127.00666666666666,-1.1779640296979021,69.30000000000007
USA,United States,North America,Temperate / Subtropical Continental,1993,10.656323604710702,1415.5,-0.3406888819735028,468.50666666666666,-0.6834344598054258,341.5
USA,United States,North America,Temperate / Subtropical Continental,1994,11.35899641577061,947.4,0.36198392908640464,0.4066666666666521,0.7026728110599088,-468.1
USA,United States,North America,Temperate / Subtropical Continental,1995,11.503593830005121,955.4,0.5065813433209155,8.406666666666673,0.14459741423451078,8.0
USA,United States,North America,Temperate / Subtropical Continental,1996,10.483047830923248,1029.5,-0.5139646557609568,82.50666666666663,-1.0205459990818735,74.10000000000002
USA,United States,North America,Temperate / Subtropical Continental,1997,10.668323732718894,1037.2,-0.32868875396531033,90.20666666666665,0.1852759017956469,7.7000000000000455
USA,United States,North America,Temperate / Subtropical Continental,1998,12.896437532002047,1218.1,1.899425045317843,271.1066666666666,2.228113799283152,180.89999999999986
USA,United States,North America,Temperate / Subtropical Continental,1999,12.242889784946236,924.6,1.245877298262032,-22.393333333333352,-0.6535477470558106,-293.4999999999999
USA,United States,North America,Temperate / Subtropical Continental,2000,11.340748362377951,893.9,0.3437358756937461,-53.09333333333333,-0.9021414225682847,-30.700000000000045
USA,United States,North America,Temperate / Subtropical Continental,2001,12.031978366615464,993.9,1.0349658799312587,46.90666666666666,0.6912300042375126,100.0
USA,United States,North America,Temperate / Subtropical Continental,2002,11.959116103430619,895.9,0.9621036167464149,-51.093333333333334,-0.07286226318484523,-98.0
USA,United States,North America,Temperate / Subtropical Continental,2003,11.168083077316949,961.9,0.17107059063274355,14.906666666666673,-0.79103302611367,66.0
USA,United States,North America,Temperate / Subtropical Continental,2004,11.655538561364478,984.9,0.6585260746802742,37.906666666666666,0.4874554840475298,23.0
USA,United States,North America,Temperate / Subtropical Continental,2005,12.435003200204813,791.8,1.437990713520609,-155.19333333333333,0.7794646388403343,-193.10000000000002
USA,United States,North America,Temperate / Subtropical Continental,2006,12.461634024577572,1008.5,1.4646215378933676,61.50666666666665,0.02663082437275932,216.70000000000005
USA,United States,North America,Temperate / Subtropical Continental,2007,12.424690860215053,878.6999999999999,1.427678373530849,-68.29333333333338,-0.0369431643625191,-129.80000000000007
USA,United States,North America,Temperate / Subtropical Continental,2008,10.899216722284018,1281.5,-0.09779576440018511,334.50666666666666,-1.5254741379310346,402.80000000000007
USA,United States,North America,Temperate / Subtropical Continental,2009,11.166564260112649,1374.9,0.16955177342844294,427.90666666666664,0.2673475378286305,93.40000000000009
USA,United States,North America,Temperate / Subtropical Continental,2010,11.945948540706604,991.4,0.9489360540224009,44.406666666666666,0.7793842805939555,-383.5000000000001
USA,United States,North America,Temperate / Subtropical Continental,2011,12.223759600614438,1051.9,1.2267471139302344,104.90666666666665,0.27781105990783317,60.500000000000114
USA,United States,North America,Temperate / Subtropical Continental,2012,13.759215795328144,781.6,2.762203308643938,-165.39333333333332,1.5354561947137064,-270.30000000000007
USA,United States,North America,Temperate / Subtropical Continental,2013,11.165124167946749,894.5999999999999,0.1681116812625438,-52.39333333333339,-2.5940916273813954,112.99999999999989
USA,United States,North America,Temperate / Subtropical Continental,2014,9.882197900665643,1055.2,-1.1148145860185619,108.20666666666665,-1.2829262672811055,160.60000000000014
USA,United States,North America,Temperate / Subtropical Continental,2015,12.05936251920123,1139.1,1.0623500325170245,192.10666666666665,2.1771646185355866,83.89999999999986
USA,United States,North America,Temperate / Subtropical Continental,2016,12.929402113459398,912.7,1.9323896267751943,-34.293333333333315,0.8700395942581682,-226.39999999999986
USA,United States,North America,Temperate / Subtropical Continental,2017,12.946121991807475,1086.6000000000001,1.9491095051232712,139.6066666666667,0.01671987834807709,173.9000000000001
USA,United States,North America,Temperate / Subtropical Continental,2018,11.877471838197645,1095.0,0.8804593515134398,148.0066666666667,-1.0686501536098305,8.399999999999864
USA,United States,North America,Temperate / Subtropical Continental,2019,11.57339349718382,1227.0,0.576381010499615,280.0066666666666,-0.3040783410138239,132.0
USA,United States,North America,Temperate / Subtropical Continental,2020,12.145865467803732,960.5,1.1488529811195276,13.50666666666664,0.5724719706199117,-266.5
USA,United States,North America,Temperate / Subtropical Continental,2021,12.340828853046595,1115.4,1.3438163663623905,168.4066666666667,0.19496338524286294,154.9000000000001
USA,United States,North America,Temperate / Subtropical Continental,2022,11.453475422427035,976.2,0.4564629357428305,29.206666666666678,-0.8873534306195605,-139.20000000000005
USA,United States,North America,Temperate / Subtropical Continental,2023,13.015527393753201,1008.3,2.018514907068995,61.30666666666664,1.5620519713261665,32.09999999999991
