year,country_code,country_name,region,gdp_per_capita_growth,agriculture_share_gdp,gdp_growth,inflation_cpi,crop_production_index
1960,FRA,France,Western Europe,,10.1484983970751,,4.13993575518437,
1961,FRA,France,Western Europe,3.86638337263079,8.71811104626433,4.94642545980355,2.40046104546311,65.75
1962,FRA,France,Western Europe,5.78849953083436,9.42435111401664,6.85626464484753,5.33128007065639,83.29
1963,FRA,France,Western Europe,5.04387858193047,8.46106644330133,6.1033388581149,4.9991528979685,74.98
1964,FRA,France,Western Europe,5.4524483404827,7.65134955635797,6.58280685437494,3.21119170293105,75.69
1965,FRA,France,Western Europe,3.83774871392582,7.45518882827474,4.83875011249243,2.70310455873084,80.94
1966,FRA,France,Western Europe,4.25656125851283,7.2562559484233,5.16354274190655,2.60200076636451,73.65
1967,FRA,France,Western Europe,3.95225786940368,7.22912170874241,4.80177080876672,2.79177709435142,79.22
1968,FRA,France,Western Europe,3.74594449516368,6.99929805727027,4.54401821190027,4.54320486402014,82.27
1969,FRA,France,Western Europe,6.21456747145352,6.36707415175108,7.09364697994077,6.045962841739,74.9
1970,FRA,France,Western Europe,5.23806196732815,6.32350889683139,6.20017438615466,5.29964124562667,83.98
1971,FRA,France,Western Europe,4.30591766355121,5.79288542322588,5.29344622836985,5.39751865595111,81.67
1972,FRA,France,Western Europe,3.60082793884236,6.4680166974781,4.51410759995832,6.06300309718186,79.52
1973,FRA,France,Western Europe,5.33972143582457,6.45671939248342,6.19458406640176,7.38060106398917,93.17
1974,FRA,France,Western Europe,3.72619321259258,5.13052303762004,4.41471376407343,13.6493174728138,87.97
1975,FRA,France,Western Europe,-1.41569324890409,4.55482828580346,-0.945609616912307,11.6859272493228,78.64
1976,FRA,France,Western Europe,3.89596423761951,4.30557383613474,4.33755647481964,9.62549578155533,77.77
1977,FRA,France,Western Europe,3.07125680600552,4.08042323446105,3.55415568976466,9.49455467190426,74.38
1978,FRA,France,Western Europe,3.47919733278744,3.9496921083797,3.94936216342872,9.25055846724441,84.58
1979,FRA,France,Western Europe,3.2316775733437,3.91512497382701,3.69531078677157,10.6467341716662,93.22
1980,FRA,France,Western Europe,1.13499020458092,3.41563785088454,1.67641337198611,13.5625788483016,91.14
1981,FRA,France,Western Europe,0.589285105722027,3.33926677836126,1.18831474293866,13.3144055680073,84.22
1982,FRA,France,Western Europe,2.06907254844478,3.84065071640816,2.44251268690125,11.9784719523805,96.51
1983,FRA,France,Western Europe,0.717848547478113,3.3955486373867,1.26205761797051,9.45954847235315,87.88
1984,FRA,France,Western Europe,1.11432810235115,3.16593850567096,1.60947146551595,7.67380262247318,98.32
1985,FRA,France,Western Europe,1.06265235277525,3.15221803900914,1.56907436604108,5.83109973854514,97.44
1986,FRA,France,Western Europe,1.86751539834408,3.05818780099865,2.38953554470334,2.53852591781413,94.26
1987,FRA,France,Western Europe,1.99730005194385,2.92256792569356,2.55274621143047,3.28889821400136,99.69
1988,FRA,France,Western Europe,4.21003285861991,2.69305175565178,4.81422400170246,2.70081527508114,96.74
1989,FRA,France,Western Europe,3.78375169549521,2.95985320818883,4.40516927190527,3.49830220700752,97.37
1990,FRA,France,Western Europe,2.268451182731,2.97794544466016,2.82962715326478,3.19428338029482,98.6
1991,FRA,France,Western Europe,0.729685951027619,2.47177542612757,1.23666248297356,3.21340732409677,91.09
1992,FRA,France,Western Europe,1.01174283165568,2.45934288583764,1.5160611169627,2.36376046269356,100.14
1993,FRA,France,Western Europe,-0.791444096179944,2.17161277383409,-0.35899781051468,2.10446277124642,90.41
1994,FRA,France,Western Europe,2.00092888436674,2.27070751919673,2.38366086110145,1.65551532926999,91.26
1995,FRA,France,Western Europe,1.93291761763854,2.313383133861,2.30479278392259,1.79648142095589,93.05
1996,FRA,France,Western Europe,1.03528502888366,2.27526049667286,1.39707987198881,1.98288365089739,101.55
1997,FRA,France,Western Europe,2.16193589623612,2.21545959227374,2.5270616339357,1.20394294026964,101.95
1998,FRA,France,Western Europe,3.06997018708124,2.2355571969051,3.45259434279616,0.651126867833073,103.3
1999,FRA,France,Western Europe,2.86728569454124,2.11672166680524,3.39930808809441,0.537141639134596,106.61
2000,FRA,France,Western Europe,3.42869029655284,1.98449655121117,4.14099996402915,1.67595988720928,103.98
2001,FRA,France,Western Europe,1.1593271284506,2.00226015670254,1.89946701186636,1.63478079549599,95.4
2002,FRA,France,Western Europe,0.335619014023663,1.90378389721189,1.06775027069419,1.92341228727064,103.96
2003,FRA,France,Western Europe,0.257866805308325,1.74560664256609,0.967827182558352,2.09847219146919,89.85
2004,FRA,France,Western Europe,2.11736543407739,1.72018557547967,2.86825052501032,2.14208964640239,106.67
2005,FRA,France,Western Europe,1.1253537135494,1.58270403235962,1.88856584109286,1.74586936380487,99.78
2006,FRA,France,Western Europe,2.00131130247657,1.42706409375236,2.71406448755236,1.67512449608726,96.17
2007,FRA,France,Western Europe,1.89856745333175,1.516727357675,2.53048188351066,1.4879980595386,93.28
2008,FRA,France,Western Europe,-0.178410661195599,1.42030674677991,0.380171435849121,2.81286194914785,100.16
2009,FRA,France,Western Europe,-3.32212444604225,1.23241577481447,-2.82455153714783,0.0876204781574653,103.75
2010,FRA,France,Western Europe,1.49872466177408,1.50088040274637,2.00032476039051,1.53112270420919,98.02
2011,FRA,France,Western Europe,1.94433505424516,1.55137276231397,2.43757653729007,2.11159795175,100.82
2012,FRA,France,Western Europe,-0.299598729272304,1.52594468949115,0.183835264973013,1.9541953161351,97.23
2013,FRA,France,Western Europe,0.26214454973659,1.36140137870511,0.781756446231,0.863715497861804,96.03
2014,FRA,France,Western Europe,0.519383764691739,1.46154600121993,0.997832947295251,0.50775882293799,105.3
2015,FRA,France,Western Europe,0.708030590350688,1.50360116027898,1.06675474783462,0.0375143805125182,103.95
2016,FRA,France,Western Europe,0.594243752389232,1.33798472564444,0.860031075424033,0.183334861123765,90.75
2017,FRA,France,Western Europe,1.78779549384231,1.43496006533197,2.08361485997399,1.03228275064681,103.14
2018,FRA,France,Western Europe,1.28216603702126,1.53110170543578,1.64590872395887,1.85081508315493,95.93
2019,FRA,France,Western Europe,1.68870844116209,1.40828485472535,2.02744646419237,1.10825492288294,98.39
2020,FRA,France,Western Europe,-7.74056751254994,1.4604342657704,-7.44064589948231,0.476498852725065,89.97
2021,FRA,France,Western Europe,6.50155219757207,1.46334541457898,6.88233783360239,1.64233141038394,96.52
2022,FRA,France,Western Europe,2.20208858513766,1.72017137018833,2.71676264185913,5.22236748369725,94.72
2023,FRA,France,Western Europe,1.16054609449012,1.48475796304424,1.43921494437743,4.8783572650844,
1960,DEU,Germany,Central Europe,,,,1.53661234295201,
1961,DEU,Germany,Central Europe,3.49857628356122,,4.29843950975808,2.29369500700884,74.63
1962,DEU,Germany,Central Europe,3.70741300558251,,4.6234710102125,2.84327019799062,89.99
1963,DEU,Germany,Central Europe,1.78848585022484,,2.73529643602564,2.9669597758771,95.14
1964,DEU,Germany,Central Europe,5.78431913043119,,6.63946989651858,2.33573581177832,88.45
1965,DEU,Germany,Central Europe,4.35005055069382,,5.24416402432635,3.24231923668133,80.26
1966,DEU,Germany,Central Europe,1.95772159468103,,2.81218130587229,3.53306035477689,84.87
1967,DEU,Germany,Central Europe,-0.784914858236817,,-0.330256452713016,1.79604992213175,95.81
1968,DEU,Germany,Central Europe,5.19988913817238,,5.66877310370654,1.470289313277,93.73
1969,DEU,Germany,Central Europe,6.56966308529672,,7.41810273162662,1.91267848797596,83.39
1970,DEU,Germany,Central Europe,4.75408790195095,,5.10314457629295,3.45024936360895,88.75
1971,DEU,Germany,Central Europe,2.94365020816905,,3.13269976979846,5.24097448273094,86.66
1972,DEU,Germany,Central Europe,3.80247597428654,,4.30034129247663,5.4849331221432,87.05
1973,DEU,Germany,Central Europe,4.44801721617243,,4.77748690945469,7.03202399303898,89.91
1974,DEU,Germany,Central Europe,0.850760282845769,,0.890068699312494,6.98643109327497,91.47
1975,DEU,Germany,Central Europe,-0.496434276997888,,-0.866738936529003,5.91033626324104,81.12
1976,DEU,Germany,Central Europe,5.40021216950142,,4.94925843456397,4.24663102299209,74.23
1977,DEU,Germany,Central Europe,3.58143707197259,,3.34721808033223,3.73416240635147,84.6
1978,DEU,Germany,Central Europe,3.09818166076312,,3.00849288842491,2.71869696123339,88.1
1979,DEU,Germany,Central Europe,4.10433133910932,,4.15036333786591,4.04362006473399,89.08
1980,DEU,Germany,Central Europe,1.19869391626099,,1.40882864441943,5.44105754460347,81.32
1981,DEU,Germany,Central Europe,0.376242518401,,0.529240541969116,6.34424277746325,79.86
1982,DEU,Germany,Central Europe,-0.300057777160561,,-0.394840735634787,5.24104507228422,94.0
1983,DEU,Germany,Central Europe,1.83903415602119,,1.57241014192158,3.29341474302854,81.54
1984,DEU,Germany,Central Europe,3.17898722012832,,2.82294783585535,2.4057933993196,94.8
1985,DEU,Germany,Central Europe,2.55688354526657,,2.32793520067574,2.0662330121658,94.75
1986,DEU,Germany,Central Europe,2.24053503516963,,2.28733925852798,-0.129413360854742,96.16
1987,DEU,Germany,Central Europe,1.24649964678072,,1.4021515883601,0.24990610870503,91.79
1988,DEU,Germany,Central Europe,3.30286374223702,,3.70723567991882,1.27411894006923,97.45
1989,DEU,Germany,Central Europe,3.09618001325789,,3.89655170553733,2.78056955569751,95.51
1990,DEU,Germany,Central Europe,4.35163907238731,,5.25500610110028,2.69646824292392,89.56
1991,DEU,Germany,Central Europe,4.34522003553894,1.06998573771213,5.10826150190911,4.04703259753466,81.2
1992,DEU,Germany,Central Europe,1.24089739849393,0.988835539128248,2.01361340926105,5.05697796731731,81.59
1993,DEU,Germany,Central Europe,-1.62189255701904,0.977841510464679,-0.973033082340891,4.47457650752808,82.24
1994,DEU,Germany,Central Europe,2.24160813771532,0.993351541332521,2.59685569693275,2.69305639854954,79.25
1995,DEU,Germany,Central Europe,1.20710412450657,1.03224855652577,1.50499384201356,1.70616041317076,83.52
1996,DEU,Germany,Central Europe,0.745819197608739,1.06716928692911,1.0378755674358,1.44972701963239,87.51
1997,DEU,Germany,Central Europe,1.70540495204754,1.03610244105776,1.85432238398302,1.93936968221574,88.71
1998,DEU,Germany,Central Europe,2.08015247927638,0.97744658336259,2.09561231172233,0.911184687196224,92.38
1999,DEU,Germany,Central Europe,2.06358047476192,0.96089041227783,2.12957016297766,0.585434192138622,96.44
2000,DEU,Germany,Central Europe,2.73729010710275,0.996168402468,2.8765231247659,1.44026838719741,101.29
2001,DEU,Germany,Central Europe,1.46530767364665,1.08333750848315,1.63614170690956,1.98385731334471,100.61
2002,DEU,Germany,Central Europe,-0.395859338643859,0.901338514680484,-0.228255715793637,1.42080615551526,91.73
2003,DEU,Germany,Central Europe,-0.584856140854797,0.829342960804352,-0.529801394291297,1.03422218628562,81.79
2004,DEU,Germany,Central Europe,1.18405124273107,0.948871367267906,1.16208684507278,1.66573696655992,103.86
2005,DEU,Germany,Central Europe,0.942782582208039,0.72605784900095,0.885485292551564,1.54691114751328,96.0
2006,DEU,Germany,Central Europe,3.98390753495501,0.716599757643703,3.86668241523209,1.57742642840563,90.6
2007,DEU,Germany,Central Europe,3.0267913002332,0.822076767549622,2.8891174138025,2.29834400700951,91.69
2008,DEU,Germany,Central Europe,1.07991595041742,0.837028054130878,0.887902330743628,2.62837981637219,100.26
2009,DEU,Germany,Central Europe,-5.30491661723096,0.670417045914746,-5.54455451920674,0.312739007368447,103.7
2010,DEU,Germany,Central Europe,4.29429269623485,0.775984032180357,4.13463778522758,1.1038103778926,91.64
2011,DEU,Germany,Central Europe,5.69928311502757,0.924638957956395,3.75796884489337,2.07517283735874,90.66
2012,DEU,Germany,Central Europe,0.275091009850499,0.911412934754651,0.463512036709204,2.00848884782956,94.85
2013,DEU,Germany,Central Europe,0.12338547838786,0.927130138706706,0.396995583779145,1.50472330251876,96.18
2014,DEU,Germany,Central Europe,1.75510660613023,0.915606456087681,2.18018602168017,0.906794000434246,107.61
2015,DEU,Germany,Central Europe,0.786705244581157,0.708512712866412,1.66300602334775,0.514426137125456,97.52
2016,DEU,Germany,Central Europe,1.40038690062336,0.730531013610999,2.22222216259371,0.491747008445174,94.87
2017,DEU,Germany,Central Europe,2.4144426920242,0.860007620510574,2.797906720551,1.50949485109628,95.45
2018,DEU,Germany,Central Europe,0.832212527052548,0.742451289010288,1.13569604599849,1.73216879766942,81.78
2019,DEU,Germany,Central Europe,0.750266426253219,0.833126017731138,0.977734697038784,1.44565976888253,88.69
2020,DEU,Germany,Central Europe,-4.21020011825779,0.728659526127881,-4.13191443239947,0.144877925813982,90.66
2021,DEU,Germany,Central Europe,3.86602720371127,0.753895620719434,3.90999994204108,3.06666666666673,90.39
2022,DEU,Germany,Central Europe,1.83161439976671,0.994638278032481,1.8092581243061,6.87257438551097,91.48
2023,DEU,Germany,Central Europe,-0.999929288913975,0.929156663056282,-0.869647578573321,5.94643667725823,
1960,ESP,Spain,Southern Europe,,,,1.17777108409625,
1961,ESP,Spain,Southern Europe,10.8044871096931,,11.8386744503902,0.809252873882238,45.4
1962,ESP,Spain,Southern Europe,8.9464704174558,,9.95343823186656,5.70647719271316,44.54
1963,ESP,Spain,Southern Europe,8.63949313281344,,9.59649901930561,8.74369768409137,52.78
1964,ESP,Spain,Southern Europe,4.26724561500689,,5.30851044597863,6.97924673989615,46.1
1965,ESP,Spain,Southern Europe,5.1056322550024,,6.25313501090316,13.2141378382198,47.18
1966,ESP,Spain,Southern Europe,6.15343461675477,,7.24606020058305,6.24036708297995,51.12
1967,ESP,Spain,Southern Europe,3.06412649678099,,4.34033831645002,6.39163108782109,46.9
1968,ESP,Spain,Southern Europe,5.21217234383435,,6.59702019075823,4.9543661173647,50.6
1969,ESP,Spain,Southern Europe,7.83908290303449,,8.90701540575571,2.16034713599861,48.68
1970,ESP,Spain,Southern Europe,3.09359904029643,,4.24497088667341,5.73114484293538,51.15
1971,ESP,Spain,Southern Europe,3.39592703146427,,4.64947364578497,8.23688714893596,52.38
1972,ESP,Spain,Southern Europe,6.96219311481951,,8.14974586367205,8.27228754941943,58.01
1973,ESP,Spain,Southern Europe,6.6040257654457,,7.7884653422601,11.4167076137085,64.23
1974,ESP,Spain,Southern Europe,4.47106819908592,,5.61878564719633,15.6803733985389,63.7
1975,ESP,Spain,Southern Europe,-0.539096521312302,,0.542203343297047,16.9532859334983,63.66
1976,ESP,Spain,Southern Europe,2.21777242101939,,3.30379140860018,17.6248800527482,60.78
1977,ESP,Spain,Southern Europe,1.78565712686311,,2.83857436106388,24.5380632929204,55.69
1978,ESP,Spain,Southern Europe,0.490728282850199,,1.46300333315605,19.7736704973663,67.23
1979,ESP,Spain,Southern Europe,-0.836528080615906,,0.0415465166768456,15.6602355971771,70.64
1980,ESP,Spain,Southern Europe,1.39131541372475,,2.20872810257116,15.5619020957245,72.05
1981,ESP,Spain,Southern Europe,-0.839887495760976,,-0.13246859717357,14.5493457170323,61.91
1982,ESP,Spain,Southern Europe,0.640409181894213,,1.2464617922282,14.4150020548327,72.09
1983,ESP,Spain,Southern Europe,1.27551467801025,,1.77011581051299,12.17407273517,62.14
1984,ESP,Spain,Southern Europe,1.36289715502605,,1.78468751370853,11.2802765604036,77.44
1985,ESP,Spain,Southern Europe,1.95132909180683,,2.3214357659951,8.81445506678391,74.04
1986,ESP,Spain,Southern Europe,2.94527939063278,,3.25332169179885,8.79493932290324,72.74
1987,ESP,Spain,Southern Europe,5.2737629750186,,5.54712273579352,5.24801863489591,84.31
1988,ESP,Spain,Southern Europe,4.87169199713344,,5.09432412898086,4.83727066490357,72.24
1989,ESP,Spain,Southern Europe,4.66281523950552,,4.82703031299745,6.791435840251,79.59
1990,ESP,Spain,Southern Europe,3.67576794722082,,3.7813935513235,6.72181952228664,83.44
1991,ESP,Spain,Southern Europe,2.28532468887114,,2.54600049647455,5.9342134433593,76.66
1992,ESP,Spain,Southern Europe,0.436115155748553,,0.929215482921151,5.92453126228488,79.36
1993,ESP,Spain,Southern Europe,-1.54335835145426,,-1.03149183695307,4.56907173681805,74.06
1994,ESP,Spain,Southern Europe,1.89690694701672,,2.38319537908909,4.71841373967333,68.71
1995,ESP,Spain,Southern Europe,2.30495702556625,3.87455758605481,2.75749400293542,4.67380337624701,58.94
1996,ESP,Spain,Southern Europe,2.18092390343854,4.37962474383674,2.60741117110229,3.55884559338561,85.26
1997,ESP,Spain,Southern Europe,3.15405367665298,4.29484499133863,3.58729972356299,1.97107395582926,94.27
1998,ESP,Spain,Southern Europe,3.87121830463626,4.14483430202733,4.30197745333581,1.83432999908414,86.06
1999,ESP,Spain,Southern Europe,3.98652877279852,3.81323898515226,4.40886545305924,2.31034813987063,84.93
2000,ESP,Spain,Southern Europe,4.73130032942612,3.7443114170073,5.20064125553942,3.43351563418764,95.06
2001,ESP,Spain,Southern Europe,3.20031684797794,3.67425723081839,3.91908880808811,3.58983413338117,94.06
2002,ESP,Spain,Southern Europe,1.31414120540325,3.48212189760772,2.75545611564098,3.06565685902211,92.29
2003,ESP,Spain,Southern Europe,1.0944115829832,3.42077756723389,2.9392895953076,3.03888839396661,105.08
2004,ESP,Spain,Southern Europe,1.35058688382759,3.11780935959045,3.1145314799161,3.03924881090924,97.08
2005,ESP,Spain,Southern Europe,1.81657732789419,2.75836581828682,3.5512255846125,3.36881409750383,84.07
2006,ESP,Spain,Southern Europe,2.29951501349761,2.40075384884813,4.04343515605099,3.51557576832123,96.05
2007,ESP,Spain,Southern Europe,1.63463980710374,2.4946614560374,3.53350013165972,2.7867974580495,94.7
2008,ESP,Spain,Southern Europe,-0.827648476802253,2.35367195478016,0.767165748290694,4.0753433595734,92.77
2009,ESP,Spain,Southern Europe,-4.61672962915983,2.24960158062983,-3.76813306940053,-0.287813083535241,94.21
2010,ESP,Spain,Southern Europe,-0.365660089983677,2.41740898393438,0.0941223116369514,1.79986457728769,97.54
2011,ESP,Spain,Southern Europe,-0.992358604711711,2.3625185975353,-0.639920636520344,3.19610188833792,100.81
2012,ESP,Spain,Southern Europe,-2.92815897770406,2.39776671776239,-2.86511368637748,2.44612782366809,81.38
2013,ESP,Spain,Southern Europe,-1.07017018206768,2.60946207875576,-1.42732224757626,1.40858109183009,111.56
2014,ESP,Spain,Southern Europe,1.83396646193863,2.52697678134345,1.52048593647231,-0.151114837527235,94.65
2015,ESP,Spain,Southern Europe,4.14701193619516,2.72327046339292,4.06086672473866,-0.500365709903243,99.16
2016,ESP,Spain,Southern Europe,2.83577124069477,2.81522075003094,2.91515598595787,-0.202598000426358,106.19
2017,ESP,Spain,Southern Europe,2.64617061107108,2.80344676690393,2.89604207865007,1.95607633363954,98.65
2018,ESP,Spain,Southern Europe,1.93406292039191,2.70128254621885,2.39541124478878,1.67498136863799,121.45
2019,ESP,Spain,Southern Europe,1.23303741249605,2.51980122994951,1.96117850841711,0.699518994458648,102.04
2020,ESP,Spain,Southern Europe,-11.3931290455953,2.78468031745976,-10.9400706350371,-0.322753017299649,116.68
2021,ESP,Spain,Southern Europe,6.49336738803039,2.76824927112995,6.68314420473001,3.09313511976402,114.78
2022,ESP,Spain,Southern Europe,5.60841068844668,2.36964000049424,6.37031712129601,8.39057634118637,87.04
2023,ESP,Spain,Southern Europe,1.26057958891062,2.6062235563618,2.46085796805582,3.53236133492433,
1960,USA,United States,North America,,,,1.45797598627791,
1961,USA,United States,North America,0.618121192549182,,2.29999999989235,1.07072414764724,36.93
1962,USA,United States,North America,4.48066936218716,,6.100000008077,1.19877334820186,37.22
1963,USA,United States,North America,2.90827195268284,,4.40000000466181,1.23966942148753,38.74
1964,USA,United States,North America,4.34054896718479,,5.8000000040378,1.27891156462591,37.25
1965,USA,United States,North America,5.07809761149738,,6.40000000107759,1.58516926383662,40.79
1966,USA,United States,North America,5.27711386691524,,6.50000000865072,3.0150753768844,40.11
1967,USA,United States,North America,1.38995127942472,,2.49999999306594,2.77278562259309,42.49
1968,USA,United States,North America,3.75881937038788,,4.80000000278329,4.27179615288537,43.83
1969,USA,United States,North America,2.09736970308174,,3.09999999656958,5.46238620028745,44.41
1970,USA,United States,North America,-0.944145118193504,,0.216606498143278,5.83825533848251,42.23
1971,USA,United States,North America,1.9949789395294,,3.29272243899894,4.29276668813051,48.37
1972,USA,United States,North America,4.13472765652728,,5.25550197771585,3.27227824655283,47.97
1973,USA,United States,North America,4.64211335432748,,5.64567975951033,6.17776006377038,51.46
1974,USA,United States,North America,-1.44513289575849,,-0.540550190362552,11.0548048048048,47.01
1975,USA,United States,North America,-1.18474293785152,,-0.205619191208058,9.14314686496535,53.42
1976,USA,United States,North America,4.39135848286867,,5.38803390614694,5.74481263549085,53.31
1977,USA,United States,North America,3.57717980784827,,4.62418650079432,6.5016839947284,57.8
1978,USA,United States,North America,4.42288716703601,,5.53520648057204,7.63096383885606,58.57
1979,USA,United States,North America,2.03373170597658,,3.16598822512103,11.2544711292795,65.02
1980,USA,United States,North America,-1.20932407978319,,-0.256775739391401,13.5492019749684,58.63
1981,USA,United States,North America,1.53630242028635,,2.53770127042986,10.3347153402771,67.43
1982,USA,United States,North America,-2.73469489641839,,-1.80301377321203,6.13142700027493,68.07
1983,USA,United States,North America,3.63185802398954,,4.58379096944093,3.21243523316065,49.92
1984,USA,United States,North America,6.31198922384387,,7.2364531665454,4.30053547523429,64.45
1985,USA,United States,North America,3.25057626767166,,4.16957535422245,3.54564415209365,68.72
1986,USA,United States,North America,2.51089495812347,,3.46265504522061,1.89804772234276,62.73
1987,USA,United States,North America,2.53404234284122,,3.45462966441372,3.6645632175169,62.65
1988,USA,United States,North America,3.2353379255127,,4.17698239478443,4.07774110744413,53.22
1989,USA,United States,North America,2.69776022097005,,3.67223784138015,4.82700303008944,62.81
1990,USA,United States,North America,0.741486713508948,,1.88596557755378,5.39795643990325,67.17
1991,USA,United States,North America,-1.434247569896,,-0.108312873733027,4.23496396453849,65.11
1992,USA,United States,North America,2.09666863097932,,3.52249717254271,3.02881967814969,73.53
1993,USA,United States,North America,1.40572318314062,,2.75179586314481,2.95165696638559,62.86
1994,USA,United States,North America,2.76110896687247,,4.02902272637739,2.60744159215453,78.65
1995,USA,United States,North America,1.46892917482886,,2.68443073970295,2.80541968853662,67.22
1996,USA,United States,North America,2.57246399873029,,3.77277269047364,2.93120419993441,74.56
1997,USA,United States,North America,3.1971656064834,1.33691209333386,4.44712793442667,2.33768993730735,78.1
1998,USA,United States,North America,3.27222984322087,1.21399707177139,4.48313335499124,1.55227909874364,77.55
1999,USA,United States,North America,3.5919803730374,1.15124131310291,4.78842504836746,2.18802719697358,77.8
2000,USA,United States,North America,2.92586254681619,1.1505549143143,4.07758575997799,3.37685727149929,79.88
2001,USA,United States,North America,-0.0387319343606976,1.12925705700728,0.955538337599847,2.82617111885407,77.73
2002,USA,United States,North America,0.761236860380762,0.973712301131986,1.70044733078285,1.58603162650601,74.57
2003,USA,United States,North America,1.91588247566436,1.1210468251509,2.79560596378604,2.27009497336115,77.93
2004,USA,United States,North America,2.89111091294794,1.26548334003973,3.84777169267127,2.67723669309172,87.3
2005,USA,United States,North America,2.53411070635448,1.15050675283148,3.48354993710312,3.3927468454955,84.04
2006,USA,United States,North America,1.79819874479622,1.00948747512139,2.78453963674239,3.22594410070404,80.84
2007,USA,United States,North America,1.03834382734772,1.07512389607238,2.0038583039496,2.85267248150138,86.81
2008,USA,United States,North America,-0.8288881218228,1.05300030562235,0.113587247501258,3.839100296651,86.09
2009,USA,United States,North America,-3.42683194491448,0.960285754997542,-2.5765002366652,-0.355546266299747,89.74
2010,USA,United States,North America,1.82992370300914,1.02943688973818,2.69519258673525,1.6400434423899,89.55
2011,USA,United States,North America,0.762796399892366,1.20055880447177,1.56440685205419,3.156841568622,87.0
2012,USA,United States,North America,1.4757059723453,1.14932980065793,2.28911339009767,2.06933726526067,85.99
2013,USA,United States,North America,1.34816252387824,1.31815003575389,2.11783009443471,1.46483265562717,92.94
2014,USA,United States,North America,1.71094544248081,1.16824049198161,2.52381981757846,1.62222297740817,97.81
2015,USA,United States,North America,2.12741137868935,1.02890409132672,2.94555045227337,0.118627135552451,95.48
2016,USA,United States,North America,1.02266589237917,0.937140437714336,1.81945147909089,1.26158320570536,106.71
2017,USA,United States,North America,1.75014095196009,0.940362226343714,2.45762230126449,2.13011000365961,100.53
2018,USA,United States,North America,2.3644424974579,0.898498260790929,2.96650506701943,2.44258329692817,100.21
2019,USA,United States,North America,2.05676589969444,0.83262086291437,2.58382533052225,1.81221007526021,93.68
2020,USA,United States,North America,-2.48059997386319,0.934873150907349,-2.081375977796,1.23358439630629,98.43
2021,USA,United States,North America,5.98515132703822,0.942961672907101,6.15202247867526,4.69785886363742,101.0
2022,USA,United States,North America,1.94217130872103,,2.52421385073222,8.00279982052121,92.96
2023,USA,United States,North America,2.09110944991448,,2.93436322440155,4.11633838374488,
1960,BRA,Brazil,South America,,0.0,,,
1961,BRA,Brazil,South America,5.37233941645053,0.0,8.60000000000014,,16.98
1962,BRA,Brazil,South America,3.46591076186584,0.0,6.59999999999992,,17.87
1963,BRA,Brazil,South America,-2.32140190832382,0.0,0.600000000000065,,17.71
1964,BRA,Brazil,South America,0.450644645425385,0.0,3.39999999999985,,17.21
1965,BRA,Brazil,South America,-0.445326274798447,0.0,2.40000000000001,,21.06
1966,BRA,Brazil,South America,3.82403827848321,0.0,6.7000000000001,,18.94
1967,BRA,Brazil,South America,1.48235786793778,0.0,4.2,,20.89
1968,BRA,Brazil,South America,7.02283124189177,0.0,9.79999999999998,,20.69
1969,BRA,Brazil,South America,6.7879284838472,0.0,9.49999999999993,,21.38
1970,BRA,Brazil,South America,7.70310527998387,0.0,10.4,,21.66
1971,BRA,Brazil,South America,8.65032390145559,0.0,11.3429219931908,,23.56
1972,BRA,Brazil,South America,9.24930773621521,0.0,11.9403481162508,,24.31
1973,BRA,Brazil,South America,11.2426303275996,0.0,13.9687217796782,,22.97
1974,BRA,Brazil,South America,5.59267280331055,0.0,8.15393868457201,,25.7
1975,BRA,Brazil,South America,2.69442153091077,0.0,5.16664908406321,,25.86
1976,BRA,Brazil,South America,7.66231519452694,0.0,10.2571295347867,,26.1
1977,BRA,Brazil,South America,2.4596571731236,0.0,4.93432806978961,,28.73
1978,BRA,Brazil,South America,2.49490746263923,0.0,4.96989768924738,,27.48
1979,BRA,Brazil,South America,4.2525775151834,0.0,6.7595601220408,,29.02
1980,BRA,Brazil,South America,6.65338211481858,0.0,9.19999999999976,,31.92
1981,BRA,Brazil,South America,-6.4539452195249,11.4508006149716,-4.24999999999956,101.725072957927,33.74
1982,BRA,Brazil,South America,-1.4420711455688,5.6490539026237,0.829999999999529,100.54335919485,33.79
1983,BRA,Brazil,South America,-5.07417099498288,10.0561007922548,-2.92999999999996,135.027682230473,33.8
1984,BRA,Brazil,South America,3.12069396131707,11.8573320632089,5.39999999999988,192.121733132051,36.56
1985,BRA,Brazil,South America,5.57647245248828,11.1453640115501,7.85000000000042,225.989665211895,40.94
1986,BRA,Brazil,South America,5.29820398316059,10.3636386654384,7.48999999999982,147.142826237604,37.62
1987,BRA,Brazil,South America,1.49867169856199,9.36152021128553,3.52999999999983,228.336162575513,42.29
1988,BRA,Brazil,South America,-1.9510165069396,9.79723660427779,-0.059999999999917,629.114509120897,42.41
1989,BRA,Brazil,South America,1.27526278524948,8.44158737716968,3.16000000000032,1430.7237251472,44.3
1990,BRA,Brazil,South America,-6.04327176300885,6.96343671917276,-4.35000000000022,2947.732772483,41.03
1991,BRA,Brazil,South America,-0.686503405708166,6.84138937730153,1.03218958549303,432.786661926461,41.89
1992,BRA,Brazil,South America,-2.18850140379996,6.80608488408303,-0.54407204977727,951.962053052818,44.32
1993,BRA,Brazil,South America,3.23867795103922,6.77810923883982,4.9246900037071,1927.38079016026,43.62
1994,BRA,Brazil,South America,4.21094030332965,8.72198937517673,5.85287036219013,2075.88839757325,47.23
1995,BRA,Brazil,South America,2.63205630347598,5.01166646465693,4.22379363350413,66.0070335542481,48.36
1996,BRA,Brazil,South America,0.67296877612381,4.76841121077967,2.20886405039022,15.7576656002606,45.54
1997,BRA,Brazil,South America,1.86924434979963,4.68504702949228,3.39484598630671,6.92671251629154,48.73
1998,BRA,Brazil,South America,-1.143603910048,4.7500447835131,0.338097901207306,3.19507629280052,49.63
1999,BRA,Brazil,South America,-0.984800297986069,4.64598154008681,0.467937566477133,4.85844749902667,52.84
2000,BRA,Brazil,South America,2.96222045087984,4.75045997570861,4.38794944745618,7.04414105947266,53.96
2001,BRA,Brazil,South America,0.0770005174179715,4.80104301642181,1.38989640095637,6.84035902487523,57.21
2002,BRA,Brazil,South America,1.78204308366739,5.47527489339298,3.05346185909312,8.45016437708331,60.96
2003,BRA,Brazil,South America,-0.0458328311687239,6.1671843856504,1.14082899824888,14.7149197228147,66.32
2004,BRA,Brazil,South America,4.57169367299971,5.66531157603221,5.75996463670954,6.59718509985963,68.9
2005,BRA,Brazil,South America,2.07730833836257,4.65116882283132,3.20213206130431,6.86953720898964,67.94
2006,BRA,Brazil,South America,2.86752083975395,4.3700437788908,3.96198871122617,4.18356812896909,71.56
2007,BRA,Brazil,South America,5.00147015838483,4.41691543634403,6.06987060678338,3.64127299102652,77.72
2008,BRA,Brazil,South America,4.09221626720056,4.56785118025741,5.09419544658736,5.67859390284168,84.38
2009,BRA,Brazil,South America,-1.0163236214624,4.47677399209847,-0.125812002161169,4.88803479876799,82.14
2010,BRA,Brazil,South America,6.62782994932327,4.11575648779356,7.52822581815364,5.03872690108075,87.79
2011,BRA,Brazil,South America,3.13169854409105,4.34203412783304,3.97442307944702,6.6364496221309,93.54
2012,BRA,Brazil,South America,1.09733293821196,4.16832822439069,1.92117598576537,5.40349914036997,90.56
2013,BRA,Brazil,South America,2.17333080532316,4.50688618256533,3.00482266944432,6.20431066640101,97.26
2014,BRA,Brazil,South America,-0.303163572499983,4.32561053879483,0.503955740242247,6.32904015516139,98.65
2015,BRA,Brazil,South America,-4.30639755912077,4.31914942964047,-3.54576339269425,9.02990102416136,102.82
2016,BRA,Brazil,South America,-4.01012719354725,4.89135358790863,-3.27591690782192,8.73914352329393,98.53
2017,BRA,Brazil,South America,0.587668928736335,4.60059169568986,1.32286905404399,3.44637335032669,109.59
2018,BRA,Brazil,South America,1.09040860447158,4.4203993038464,1.783666761634,3.66485028376729,109.91
2019,BRA,Brazil,South America,0.562970837578547,4.20501409463474,1.22077782360842,3.73297621216894,112.23
2020,BRA,Brazil,South America,-3.83550546659214,5.71148511499007,-3.2767587964736,3.21176803803376,116.58
2021,BRA,Brazil,South America,4.3179316171849,6.5587626121061,4.76260437908608,8.30165975585673,115.35
2022,BRA,Brazil,South America,2.64631532411505,5.76747490819457,3.01669435393015,9.28010608956873,115.91
2023,BRA,Brazil,South America,2.83370012861097,6.02306023526246,3.24165532906981,4.59356282283204,
1960,IND,India,South Asia,,41.7413351234112,,1.77987784677391,
1961,IND,India,South Asia,1.26664879329974,41.0924821982676,3.72274253269822,1.69521293914433,24.73
1962,IND,India,South Asia,0.518501927079271,39.0659687962891,2.93112773665958,3.63221497106987,24.48
1963,IND,India,South Asia,3.53649105229069,39.825351677532,5.99435326095178,2.94616135685225,25.2
1964,IND,India,South Asia,4.96611887025713,41.3437167110651,7.45295012232975,13.3552611508153,25.85
1965,IND,India,South Asia,-4.80310349882166,39.3846972550148,-2.63577010985361,9.47475859170695,24.33
1966,IND,India,South Asia,-2.17104368549663,40.3516512369392,-0.0553287698318314,10.8018483489341,24.09
1967,IND,India,South Asia,5.53582268678396,42.7515580248472,7.82596303033105,13.062202477797,25.99
1968,IND,India,South Asia,1.19038521123345,42.0860273767475,3.38792917600242,3.23741242627507,27.37
1969,IND,India,South Asia,4.31191269233454,41.5849235838776,6.53970029628042,-0.584136610466281,28.36
1970,IND,India,South Asia,2.84864261720234,40.2896134622547,5.15722973608261,5.09226161997545,30.19
1971,IND,India,South Asia,-0.58483608965598,38.6333911913009,1.64293038388766,3.07993868406546,30.62
1972,IND,India,South Asia,-2.7123915885177,38.6268263019613,-0.553301312377712,6.44209746158235,28.87
1973,IND,India,South Asia,0.996957418265112,41.6038246201552,3.29552113522354,16.9408159791736,31.4
1974,IND,India,South Asia,-1.11546097149807,38.8780587034235,1.18533626034039,28.5987340775089,29.91
1975,IND,India,South Asia,6.60232102685482,35.9969148408834,9.14991201480592,5.74843029767442,33.48
1976,IND,India,South Asia,-0.700735579459177,34.3120367117561,1.66310363661279,-7.63394763392881,32.69
1977,IND,India,South Asia,4.75429678592927,35.777144264307,7.25476458583569,8.30747009171166,35.59
1978,IND,India,South Asia,3.306071277214,34.2739627109778,5.71253208900188,2.52304875695179,37.16
1979,IND,India,South Asia,-7.41642471084822,32.8255300200485,-5.2381827027895,6.27568336762338,34.56
1980,IND,India,South Asia,4.22047070908258,34.4088678062413,6.7358215279985,11.3460734795095,35.62
1981,IND,India,South Asia,3.54437832488188,33.2976974188253,6.00620362381767,13.112546897642,38.34
1982,IND,India,South Asia,1.08860680328846,32.3267496865056,3.47573324031237,7.89074279377487,37.32
1983,IND,India,South Asia,4.80675111968445,32.6065348775622,7.28889290124586,11.8680812986734,42.12
1984,IND,India,South Asia,1.41351916752743,31.3805304117853,3.8207378559735,8.31890711860072,42.71
1985,IND,India,South Asia,2.83325352794432,29.7181383564993,5.25429922330889,5.55642423236554,43.34
1986,IND,India,South Asia,2.38574323304699,28.6411462697276,4.77656417048946,8.72972072702581,43.12
1987,IND,India,South Asia,1.62095076252291,27.9723784011745,3.96535563390576,8.80112581251833,42.34
1988,IND,India,South Asia,7.18812238275834,28.7698223693608,9.62778291984834,9.38347186185336,47.62
1989,IND,India,South Asia,3.60602407711301,27.8396057996888,5.94734332826503,7.07428002942296,50.89
1990,IND,India,South Asia,3.2235163449005,27.5848881365411,5.53345456306495,8.97123250273255,50.83
1991,IND,India,South Asia,-1.11028105492854,27.6627054102247,1.05683143296179,13.8702461773683,53.31
1992,IND,India,South Asia,3.25939544134066,26.8969194477949,5.48239602167003,11.7878170418134,55.62
1993,IND,India,South Asia,2.57408951922086,27.0545587671255,4.7507762195799,6.32689048779867,56.97
1994,IND,India,South Asia,4.50057521206482,26.519937575032,6.65892406747307,10.2479355556119,58.87
1995,IND,India,South Asia,5.43070280521438,24.4575477898552,7.57449184027195,10.2248861637545,59.98
1996,IND,India,South Asia,5.42226141029292,25.199306058679,7.54952224888829,8.97715233826453,62.3
1997,IND,India,South Asia,2.02374488927428,24.248674505748,4.04982084902483,7.16425211462721,63.54
1998,IND,India,South Asia,4.1484948564368,24.180451549085,6.18441582080355,13.2308389767977,64.47
1999,IND,India,South Asia,6.79504192639435,22.9725618865025,8.84575556114116,4.6698203803759,67.39
2000,IND,India,South Asia,1.90763005843495,21.6110620465121,3.84099115686554,4.0094359104519,65.87
2001,IND,India,South Asia,2.88134658113091,21.6188848861438,4.82396626397303,3.77929312235637,67.61
2002,IND,India,South Asia,1.94070548523048,19.5345432709546,3.80397532120038,4.29715203929562,60.85
2003,IND,India,South Asia,6.00579964269848,19.5919979784251,7.86038147545045,3.80585899528853,68.92
2004,IND,India,South Asia,6.09996522556324,17.8146906487994,7.92293661307978,3.76725173477517,67.18
2005,IND,India,South Asia,6.17702892470105,17.6202069548839,7.92343062131789,4.24634362031924,71.11
2006,IND,India,South Asia,6.38367720990838,16.8094420944381,8.06073257305057,5.79652337561634,75.28
2007,IND,India,South Asia,6.05160013553237,16.7501197597569,7.66081506510766,6.37288135593231,82.22
2008,IND,India,South Asia,1.61413451730577,16.7909423598037,3.08669805950082,8.34926704907575,82.72
2009,IND,India,South Asia,6.31340985810947,16.7442701563161,7.8618888330338,10.8823529411764,79.77
2010,IND,India,South Asia,6.93079780360446,17.0265090136912,8.49758470165625,11.9893899204245,87.88
2011,IND,India,South Asia,3.76074153231241,17.191973558015,5.24131620024293,8.9117933648336,94.21
2012,IND,India,South Asia,4.01726735834531,16.8453770661356,5.45638755164772,9.47899691419793,95.63
2013,IND,India,South Asia,4.97769997299568,17.1484235433697,6.38610640091713,10.0178784746104,100.02
2014,IND,India,South Asia,6.06398074170735,16.7919345145039,7.41022760516977,6.66565671867899,101.33
2015,IND,India,South Asia,6.71566734636781,16.1745081068401,7.99625378567987,4.90697344127249,97.64
2016,IND,India,South Asia,6.97394690926852,16.3638005616331,8.25630550176662,4.94821634062134,101.03
2017,IND,India,South Asia,5.5611850346496,16.5583314049368,6.79538341902422,3.32817337461305,107.28
2018,IND,India,South Asia,5.29211971912275,16.031630686449,6.45385134495295,3.93882646691643,110.84
2019,IND,India,South Asia,2.79675759966057,16.7555683032837,3.87143694070524,3.72950573539123,112.25
2020,IND,India,South Asia,-6.69047102834244,18.6685376603727,-5.77772470687303,6.6234367762853,115.74
2021,IND,India,South Asia,8.79093447675136,17.3725615260314,9.68959249191741,5.13140747176364,120.63
2022,IND,India,South Asia,6.76238601728318,18.2106659929942,7.6093649776932,6.69903414079858,123.29
2023,IND,India,South Asia,6.26741791597422,17.6565389328245,7.210224629335,5.64914318907925,
1960,KEN,Kenya,Sub-Saharan East Africa,,35.3474135345391,,1.24378109452731,
1961,KEN,Kenya,Sub-Saharan East Africa,-11.1513604419023,34.073102243936,-7.77463490371655,2.45700245700254,12.62
1962,KEN,Kenya,Sub-Saharan East Africa,5.34856718516423,37.574194883491,9.45735874072126,3.11750599520378,13.71
1963,KEN,Kenya,Sub-Saharan East Africa,4.63467589113695,38.4498114224708,8.77834021621184,0.697674418604589,14.2
1964,KEN,Kenya,Sub-Saharan East Africa,0.922365577792576,36.8320801767525,4.96446728844091,-0.0993048669314341,14.74
1965,KEN,Kenya,Sub-Saharan East Africa,-1.97317083215169,32.4186398481032,2.00909417103099,3.57852882806742,14.59
1966,KEN,Kenya,Sub-Saharan East Africa,10.2453783737033,34.7078582943185,14.7285664015687,5.01439539323414,14.9
1967,KEN,Kenya,Sub-Saharan East Africa,-0.658711109434691,33.6574284416174,3.36123203258556,1.75919579598299,15.63
1968,KEN,Kenya,Sub-Saharan East Africa,3.79670171210267,31.7057022262683,7.9826899693479,0.366711570051019,16.77
1969,KEN,Kenya,Sub-Saharan East Africa,3.80581664358147,30.8975712777191,7.9592244594956,-0.17150100656233,17.62
1970,KEN,Kenya,Sub-Saharan East Africa,-8.25406759214241,30.16973422275,-4.65544691647621,2.18852703907439,17.83
1971,KEN,Kenya,Sub-Saharan East Africa,17.820065627684,28.1622949271027,22.1738919255764,3.78020612544907,17.85
1972,KEN,Kenya,Sub-Saharan East Africa,13.0810040007777,32.2109354238639,17.082429349983,5.83164474311005,19.07
1973,KEN,Kenya,Sub-Saharan East Africa,2.30288023865035,31.8774962996698,5.89658021016672,9.28119422332106,20.49
1974,KEN,Kenya,Sub-Saharan East Africa,0.600157426524987,31.2991420759876,4.06561734893735,17.8099480331818,21.18
1975,KEN,Kenya,Sub-Saharan East Africa,-2.414863097742,30.1729756831286,0.882203175319148,19.1201840136051,21.34
1976,KEN,Kenya,Sub-Saharan East Africa,-1.10989817440527,33.3269159328564,2.15396450322561,11.4490304932756,23.44
1977,KEN,Kenya,Sub-Saharan East Africa,5.87941024320102,37.0068283241034,9.45379784408087,14.8209644818935,24.91
1978,KEN,Kenya,Sub-Saharan East Africa,3.2950316756188,32.0642230927976,6.91249354626197,16.9317824582842,24.54
1979,KEN,Kenya,Sub-Saharan East Africa,3.9502014523985,30.1862501072869,7.61522604591983,7.97935261848786,26.17
1980,KEN,Kenya,Sub-Saharan East Africa,1.91506413946645,27.7907613507416,5.5919762059677,13.8581814562484,25.36
1981,KEN,Kenya,Sub-Saharan East Africa,0.128998105818283,27.8734520123839,3.77354419402822,11.6030534351142,26.74
1982,KEN,Kenya,Sub-Saharan East Africa,-2.06071312546143,28.9666010892868,1.50647825757706,20.6667146662827,29.68
1983,KEN,Kenya,Sub-Saharan East Africa,-2.3251867559766,29.8687559836265,1.3090502411486,11.3977827368523,29.69
1984,KEN,Kenya,Sub-Saharan East Africa,-1.91893717292913,29.5098977394204,1.75521697703473,10.284098213138,25.27
1985,KEN,Kenya,Sub-Saharan East Africa,0.569650556250821,28.6062318225284,4.30056181879613,13.0065664218827,30.41
1986,KEN,Kenya,Sub-Saharan East Africa,3.40845945197678,28.7775774262261,7.17755539065963,2.53427598892888,33.56
1987,KEN,Kenya,Sub-Saharan East Africa,2.26586113193359,27.1716538650978,5.93710744420895,8.63767318980084,31.34
1988,KEN,Kenya,Sub-Saharan East Africa,2.52259696361155,25.5402040600799,6.20318382314591,12.2649630481582,34.04
1989,KEN,Kenya,Sub-Saharan East Africa,1.0826542002969,25.9638119035868,4.69034876792047,13.7893172763883,36.83
1990,KEN,Kenya,Sub-Saharan East Africa,0.668332502815062,25.3141333603755,4.19205097155167,17.78181442992,36.73
1991,KEN,Kenya,Sub-Saharan East Africa,-1.79555975482411,24.3201481720275,1.43834679171559,20.0844955754632,52.99
1992,KEN,Kenya,Sub-Saharan East Africa,-3.79370437133613,24.781287223819,-0.799493958641349,27.3323644475784,53.83
1993,KEN,Kenya,Sub-Saharan East Africa,-2.58233453633143,26.8080134088411,0.353197256227247,45.9788813036218,53.74
1994,KEN,Kenya,Sub-Saharan East Africa,-0.304212273442516,28.1153566812096,2.632784517837,28.8143894306731,55.37
1995,KEN,Kenya,Sub-Saharan East Africa,1.4837374235438,26.3496195621312,4.40621652482287,1.55432816055009,58.7
1996,KEN,Kenya,Sub-Saharan East Africa,1.31900626661266,27.4925217805866,4.14683926876013,8.86408741577522,55.96
1997,KEN,Kenya,Sub-Saharan East Africa,-2.23366307984048,27.6939373994727,0.474901921293579,11.3618450505783,53.37
1998,KEN,Kenya,Sub-Saharan East Africa,0.478811112143987,27.7449136009738,3.29021372249065,6.72243650753928,62.78
1999,KEN,Kenya,Sub-Saharan East Africa,-0.603257549690113,28.7440796130558,2.30538859522412,5.74200109520484,62.19
2000,KEN,Kenya,Sub-Saharan East Africa,-2.38610693277963,28.7217806412905,0.599695390807426,9.98002515350979,57.92
2001,KEN,Kenya,Sub-Saharan East Africa,0.575576747494395,27.8492601112896,3.77990649795343,5.73859814341467,66.82
2002,KEN,Kenya,Sub-Saharan East Africa,-2.56736280977373,25.8539676039456,0.546859530175595,1.96130821739162,66.41
2003,KEN,Kenya,Sub-Saharan East Africa,-0.194798007216917,25.8044393708329,2.93247554570904,9.81569062979654,67.58
2004,KEN,Kenya,Sub-Saharan East Africa,1.89113513278383,24.9290410875057,5.10429977629738,11.6240355442426,69.09
2005,KEN,Kenya,Sub-Saharan East Africa,2.70244103195117,24.2362747002419,5.90666607980057,10.3127783574683,78.4
2006,KEN,Kenya,Sub-Saharan East Africa,3.27715457506901,20.5196878049409,6.47249430015484,14.4537342081708,79.15
2007,KEN,Kenya,Sub-Saharan East Africa,3.66978666216018,20.5866644602991,6.85072976998784,9.75888023027529,83.84
2008,KEN,Kenya,Sub-Saharan East Africa,-2.7588645638462,22.1963401579826,0.232282744812977,26.2398166445063,81.69
2009,KEN,Kenya,Sub-Saharan East Africa,0.232598394599862,16.2549814662286,3.30693981631089,9.23412592394652,80.75
2010,KEN,Kenya,Sub-Saharan East Africa,4.96811299885232,17.5677598863696,8.05847360290906,3.96138889115385,93.82
2011,KEN,Kenya,Sub-Saharan East Africa,2.26952218964762,18.8947112249953,5.1211061197056,14.0224913014704,86.46
2012,KEN,Kenya,Sub-Saharan East Africa,1.87670753904403,18.8297259329446,4.56867961444982,9.37777003547598,92.55
2013,KEN,Kenya,Sub-Saharan East Africa,1.26331129067221,18.6165515854622,3.7978483925754,5.71749357037733,100.34
2014,KEN,Kenya,Sub-Saharan East Africa,2.59218353342239,18.3478393393556,5.02011100232484,6.87815499275949,101.59
2015,KEN,Kenya,Sub-Saharan East Africa,2.65589352795405,19.4696147780528,4.96772112759767,6.58215429284779,98.27
2016,KEN,Kenya,Sub-Saharan East Africa,1.93794795580835,20.0345164328349,4.21351706814744,6.29724953814625,100.15
2017,KEN,Kenya,Sub-Saharan East Africa,1.60475183361922,20.8936374065292,3.83795817364721,8.00564967709945,97.26
2018,KEN,Kenya,Sub-Saharan East Africa,3.52404781491717,20.314910419968,5.64794640709219,4.6898064677633,108.89
2019,KEN,Kenya,Sub-Saharan East Africa,3.07004769448449,20.8611638110686,5.11415885767801,5.23963795764792,108.66
2020,KEN,Kenya,Sub-Saharan East Africa,-2.2103217118529,22.7027261604451,-0.272766327438816,5.40516207933392,137.6
2021,KEN,Kenya,Sub-Saharan East Africa,5.5651365159048,21.4770750957252,7.59048947333467,6.10793603659176,133.91
2022,KEN,Kenya,Sub-Saharan East Africa,2.86281276489714,21.0361920649933,4.85998104287999,7.65986268272224,116.97
2023,KEN,Kenya,Sub-Saharan East Africa,3.64425548577437,21.4522060902205,5.71999241214208,7.67139634029402,
1960,AUS,Australia,Oceania,,,,3.7288215039735,
1961,AUS,Australia,Oceania,0.461907273703787,,2.48085739405019,2.28758040719309,20.94
1962,AUS,Australia,Oceania,-1.14543513600115,,1.29693177230521,-0.319488641462281,24.89
1963,AUS,Australia,Oceania,4.19678819635753,,6.21437634985244,0.641025285901932,25.23
1964,AUS,Australia,Oceania,4.89875635634509,,6.97757189326991,2.86622669884314,28.45
1965,AUS,Australia,Oceania,3.92086428494349,,5.97750537090864,3.40558476676981,24.16
1966,AUS,Australia,Oceania,0.0699690591845439,,2.3810335009272,3.2934114693033,33.47
1967,AUS,Australia,Oceania,4.97344570831932,,6.30689948609215,3.47825912694824,26.08
1968,AUS,Australia,Oceania,3.25734337802564,,5.09512980987455,2.52100718278494,37.47
1969,AUS,Australia,Oceania,4.83035616153123,,7.04760243224727,3.27868697620866,31.22
1970,AUS,Australia,Oceania,5.08382058838998,,7.17469983682571,3.43915186655203,30.56
1971,AUS,Australia,Oceania,0.544201826656504,,4.0009865700372,6.13810838730341,33.02
1972,AUS,Australia,Oceania,2.01446321197041,,3.90697856876663,6.02410407984535,29.74
1973,AUS,Australia,Oceania,1.06162772647569,,2.6185458738897,9.09090432931634,36.26
1974,AUS,Australia,Oceania,1.50451470944581,,4.10661101328289,15.4166772694776,35.23
1975,AUS,Australia,Oceania,0.098681908405382,,1.33870055771159,15.1624202011615,38.18
1976,AUS,Australia,Oceania,1.56435628568006,,2.58782205117312,13.3229029796495,37.56
1977,AUS,Australia,Oceania,2.43177916273716,,3.59237581967973,12.3098267517375,34.19
1978,AUS,Australia,Oceania,-0.271138184658298,,0.895363440295682,8.00490439376775,47.61
1979,AUS,Australia,Oceania,2.93317958655169,,4.05155094854514,9.12202056872265,45.93
1980,AUS,Australia,Oceania,1.78622666488002,,3.03453508064058,10.1358489396034,39.02
1981,AUS,Australia,Oceania,1.74096259685159,,3.34242019351289,9.48766136649872,48.45
1982,AUS,Australia,Oceania,1.55263603794884,,3.32864998005238,11.3518321308515,37.85
1983,AUS,Australia,Oceania,-3.5547506280931,,-2.22582353017135,10.0389003957519,57.21
1984,AUS,Australia,Oceania,3.3166427647013,,4.5644786594345,3.96040844503847,56.37
1985,AUS,Australia,Oceania,3.88854366204454,,5.28169814609451,6.73468599874501,54.86
1986,AUS,Australia,Oceania,2.47666322407724,,3.96976309787884,9.05035323321654,54.64
1987,AUS,Australia,Oceania,1.00854231476922,,2.5567680273608,8.53300355802082,48.51
1988,AUS,Australia,Oceania,4.04503594783567,,5.76137011855324,7.2159571679871,53.22
1989,AUS,Australia,Oceania,2.13527239489717,,3.87901779350344,7.53389852824955,53.86
1990,AUS,Australia,Oceania,2.05133530941588,4.17677382101021,3.57297569098456,7.33302368375269,54.51
1991,AUS,Australia,Oceania,-1.64629276060377,3.15825667117102,-0.384631357046658,3.17666872277308,56.22
1992,AUS,Australia,Oceania,-0.685109221290034,3.03013860218225,0.433065864126704,1.01222824105977,54.43
1993,AUS,Australia,Oceania,3.12440890934566,3.23930870769341,4.04583374101011,1.75365751770527,59.51
1994,AUS,Australia,Oceania,2.98223871616621,3.32173444100615,3.97884434177331,1.96963507094102,63.46
1995,AUS,Australia,Oceania,2.73953092805972,2.99940193194106,3.89017188961647,4.62776445368168,51.86
1996,AUS,Australia,Oceania,2.61251726692284,3.36814606624927,3.86567479160071,2.61537902431631,69.83
1997,AUS,Australia,Oceania,2.79958588575271,3.22527993858659,3.91795814771731,0.224895027032537,83.17
1998,AUS,Australia,Oceania,3.63864607453812,3.02751531970189,4.67681373479508,0.860129922016289,79.05
1999,AUS,Australia,Oceania,3.88549898573662,3.04342312057626,5.02822035850596,1.48313946657267,87.5
2000,AUS,Australia,Oceania,2.73354609011429,3.10630676229169,3.9160574881715,4.45743705920869,90.92
2001,AUS,Australia,Oceania,0.729781869182801,3.50187086251559,2.03145880248898,4.40712998561533,89.66
2002,AUS,Australia,Oceania,2.7740361493122,3.94425123897134,3.94980535772942,2.98157117047457,90.73
2003,AUS,Australia,Oceania,1.91232481392237,2.88733584935682,3.0912800997751,2.73259754838937,60.18
2004,AUS,Australia,Oceania,3.11057041061613,3.05821916621123,4.21894147547516,2.34325687131265,92.87
2005,AUS,Australia,Oceania,1.90739095765275,2.88921493532413,3.15548121323168,2.69182949622197,89.88
2006,AUS,Australia,Oceania,1.39339848998918,2.74011319183189,2.7709261737475,3.55528696972984,93.3
2007,AUS,Australia,Oceania,1.91249613831002,2.21281034154067,3.78947119882653,2.32761442623159,59.11
2008,AUS,Australia,Oceania,1.56811983624921,2.35417910776003,3.62398503565633,4.35029726664093,69.37
2009,AUS,Australia,Oceania,-0.124768741461196,2.31423570641201,1.95484826298522,1.77112025681656,84.7
2010,AUS,Australia,Oceania,0.632264496011231,2.21824837320556,2.21004795300735,2.9183370211222,85.64
2011,AUS,Australia,Oceania,0.981771621515961,2.30485962261499,2.39473494330615,3.30384784681081,99.76
2012,AUS,Australia,Oceania,2.15339832775771,2.27317856495351,3.95247138119184,1.76278299052228,111.34
2013,AUS,Australia,Oceania,0.902732553895234,2.29076813252161,2.65445302592404,2.44988248109259,103.58
2014,AUS,Australia,Oceania,1.08218148890933,2.22695769265967,2.60118978187332,2.48792932080492,102.87
2015,AUS,Australia,Oceania,0.704511799724457,2.37664391487055,2.16434780647852,1.50836803138463,97.94
2016,AUS,Australia,Oceania,1.16312811538609,2.41300232330254,2.75564065529868,1.27699365720306,99.19
2017,AUS,Australia,Oceania,0.62251098729871,2.72098319651067,2.29331030192918,1.94864309065653,131.17
2018,AUS,Australia,Oceania,1.3466306507712,2.47191752630847,2.87417039499501,1.91140002818579,104.5
2019,AUS,Australia,Oceania,0.695209563773375,2.12424911197662,2.19401703622717,1.610770929127,84.09
2020,AUS,Australia,Oceania,-1.35774770320791,2.01512715396535,-0.133531904304775,0.846900734607273,76.66
2021,AUS,Australia,Oceania,1.86332687000336,2.30537875480088,2.00694844335034,2.86391284709318,129.02
2022,AUS,Australia,Oceania,2.91752727950202,2.67242699950618,4.25304559238732,6.59409658717841,146.08
2023,AUS,Australia,Oceania,1.09251403364293,2.57169831894523,3.58382100798981,5.59701792296707,
